"section","key","value"
"pipeline","generated_on","2026-09-04 20:44:27 CEST"
"pipeline","n_selected","64"
"config","seed","20260904"
"config","rng_kind","Mersenne-Twister|Inversion|Rejection"
"config","index_url","https://vincentarelbundock.github.io/Rdatasets/datasets.csv"
"config","cran_desc_url_tpl","https://cran.r-project.org/web/packages/%s/DESCRIPTION"
"config","user_agent","LinearPFN-real_designs/1.0 (academic benchmark construction; base R download.file)"
"config","download_sleep_sec","0.2"
"config","download_retries","3"
"config","inputs_include_exceptions","itsadug:exclude:time-series (EEG) data only"
"config","inputs_exclude_words","hypothetical|simulated|synthetic|fake|artificial|fictional"
"config","inputs_exclude_classes","ts|mts|zoo|xts|its|timeSeries|table"
"config","min_index_rows","30"
"config","min_index_p_model","3"
"config","min_n","30"
"config","min_p","3"
"config","max_row_loss_frac","0.5"
"config","max_col_na_frac","0.5"
"config","max_abs_cor","0.95"
"config","id_name_regex","^(rownames|row|rows|rowid|rownum|rownumber|row_number|id|ids|idx|index|indices|obs|observation|case|caseid|casenum|caseno|serial|serialno|key|name|names|fullname|firstname|first_name|lastname|last_name|subject|subj|subjid|respondent|participant|pid|sid|uid|hhid|record|recordid|nr|code)$|(^|[._-])(id|ids)$|[._-](no|nr|num|number|code)$"
"config","unit_name_regex","^(country|nation|state|province|county|city|region|district|firm|company|plant|school|class|classroom|teacher|student|person|individual|subject|participant|unit|group|cluster|site|family|household|village|hospital|clinic|team|player|patient|store|branch|worker|employee|respondent|panel|id|idcode|ident)$|(^|[._-])(id|ids)$"
"config","time_name_regex","^(time|times|year|yr|yrs|years|date|dates|datetime|timestamp|period|periods|quarter|qtr|month|months|week|weeks|day|days|wave|season|t|trend)$|(^|[._-])(year|date|time)$"
"config","p_bins","3-5:3:5|6-10:6:10|11-20:11:20|21-30:21:30"
"config","n_bins","30-199:30:199|200-499:200:499|500-999:500:999|1000-1999:1000:1999"
"config","n_cap","1999"
"config","p_cap","30"
"config","quota_per_cell","4"
"config","dir_inputs","inputs"
"config","dir_index","data_raw/index"
"config","dir_csv","data_raw/csv"
"config","dir_desc","data_raw/description"
"config","dir_work","work"
"config","dir_clean","data_clean"
"config","file_selected","selected_datasets.csv"
"config","file_exclusions","exclusions.csv"
"config","file_manifest","MANIFEST.csv"
"config","file_session","MANIFEST_sessionInfo.txt"
"config","file_audit","audit_sheet.md"
"config","license_overrides","Part of R (GPL-2 | GPL-3)"
"index","url","https://vincentarelbundock.github.io/Rdatasets/datasets.csv"
"index","fetch_date","2026-09-04 15:13:36 CEST"
"index","sha256","1e9ef466be15c70e8779d9324f74f7691c8beba68af40a8c93f2f6f2a35c9d9d"
"index","n_rows","3648"
"inputs","inputs/package_labels.csv","00987ebff10d2e650dc2932d110a2e25737052507494a02a15a8ff68d2cc2b84"
"inputs","work/00_datasets.csv","5f21aa257b270edd9badb713d6c81a4c9096ff192daffaa4b99851ac7de12b5a"
"inputs","work/00_package_versions.csv","63a670ad125e1627ebac001ce40784c748c7959c62ee80622fcd131e098db616"
"package_version","AER","1.2.15"
"package_version","AER","1.2.15"
"package_version","AER","1.2.15"
"package_version","AER","1.2.15"
"package_version","AER","1.2.15"
"package_version","AER","1.2.15"
"package_version","AER","1.2.15"
"package_version","AER","1.2.15"
"package_version","AER","1.2.15"
"package_version","AER","1.2.15"
"package_version","AER","1.2.15"
"package_version","AER","1.2.15"
"package_version","AER","1.2.15"
"package_version","AER","1.2.15"
"package_version","AER","1.2.15"
"package_version","AER","1.2.15"
"package_version","AER","1.2.15"
"package_version","AER","1.2.15"
"package_version","AER","1.2.15"
"package_version","AER","1.2.15"
"package_version","AER","1.2.15"
"package_version","AER","1.2.15"
"package_version","AER","1.2.15"
"package_version","AER","1.2.15"
"package_version","AER","1.2.15"
"package_version","AER","1.2.15"
"package_version","AER","1.2.15"
"package_version","AER","1.2.15"
"package_version","AER","1.2.15"
"package_version","AER","1.2.15"
"package_version","AER","1.2.15"
"package_version","AER","1.2.15"
"package_version","AER","1.2.15"
"package_version","AER","1.2.15"
"package_version","AER","1.2.15"
"package_version","AER","1.2.15"
"package_version","AER","1.2.15"
"package_version","AER","1.2.15"
"package_version","AER","1.2.15"
"package_version","AER","1.2.15"
"package_version","AER","1.2.15"
"package_version","AER","1.2.15"
"package_version","AER","1.2.15"
"package_version","AER","1.2.15"
"package_version","AER","1.2.15"
"package_version","AER","1.2.15"
"package_version","AER","1.2.15"
"package_version","AER","1.2.15"
"package_version","AER","1.2.15"
"package_version","AER","1.2.15"
"package_version","AER","1.2.15"
"package_version","AER","1.2.15"
"package_version","AER","1.2.15"
"package_version","AER","1.2.15"
"package_version","AER","1.2.15"
"package_version","AER","1.2.15"
"package_version","AER","1.2.15"
"package_version","AER","1.2.15"
"package_version","AER","1.2.15"
"package_version","AER","1.2.15"
"package_version","AER","1.2.15"
"package_version","AER","1.2.15"
"package_version","AER","1.2.15"
"package_version","AER","1.2.15"
"package_version","AER","1.2.15"
"package_version","AER","1.2.15"
"package_version","AER","1.2.15"
"package_version","AER","1.2.15"
"package_version","AER","1.2.15"
"package_version","AER","1.2.15"
"package_version","AER","1.2.15"
"package_version","AER","1.2.15"
"package_version","AER","1.2.15"
"package_version","AER","1.2.15"
"package_version","AER","1.2.15"
"package_version","AER","1.2.15"
"package_version","AER","1.2.15"
"package_version","AER","1.2.15"
"package_version","AER","1.2.15"
"package_version","AER","1.2.15"
"package_version","AER","1.2.15"
"package_version","AER","1.2.15"
"package_version","AER","1.2.15"
"package_version","AER","1.2.15"
"package_version","AER","1.2.15"
"package_version","AER","1.2.15"
"package_version","AER","1.2.15"
"package_version","AER","1.2.15"
"package_version","AER","1.2.15"
"package_version","AER","1.2.15"
"package_version","AER","1.2.15"
"package_version","AER","1.2.15"
"package_version","AER","1.2.15"
"package_version","AER","1.2.15"
"package_version","AER","1.2.15"
"package_version","AER","1.2.15"
"package_version","AER","1.2.15"
"package_version","AER","1.2.15"
"package_version","AER","1.2.15"
"package_version","AER","1.2.15"
"package_version","AER","1.2.15"
"package_version","AER","1.2.15"
"package_version","AER","1.2.15"
"package_version","AER","1.2.15"
"package_version","AER","1.2.15"
"package_version","AER","1.2.15"
"package_version","AER","1.2.15"
"package_version","Ecdat","0.4.7"
"package_version","Ecdat","0.4.7"
"package_version","Ecdat","0.4.7"
"package_version","Ecdat","0.4.7"
"package_version","Ecdat","0.4.7"
"package_version","Ecdat","0.4.7"
"package_version","Ecdat","0.4.7"
"package_version","Ecdat","0.4.7"
"package_version","Ecdat","0.4.7"
"package_version","Ecdat","0.4.7"
"package_version","Ecdat","0.4.7"
"package_version","Ecdat","0.4.7"
"package_version","Ecdat","0.4.7"
"package_version","Ecdat","0.4.7"
"package_version","Ecdat","0.4.7"
"package_version","Ecdat","0.4.7"
"package_version","Ecdat","0.4.7"
"package_version","Ecdat","0.4.7"
"package_version","Ecdat","0.4.7"
"package_version","Ecdat","0.4.7"
"package_version","Ecdat","0.4.7"
"package_version","Ecdat","0.4.7"
"package_version","Ecdat","0.4.7"
"package_version","Ecdat","0.4.7"
"package_version","Ecdat","0.4.7"
"package_version","Ecdat","0.4.7"
"package_version","Ecdat","0.4.7"
"package_version","Ecdat","0.4.7"
"package_version","Ecdat","0.4.7"
"package_version","Ecdat","0.4.7"
"package_version","Ecdat","0.4.7"
"package_version","Ecdat","0.4.7"
"package_version","Ecdat","0.4.7"
"package_version","Ecdat","0.4.7"
"package_version","Ecdat","0.4.7"
"package_version","Ecdat","0.4.7"
"package_version","Ecdat","0.4.7"
"package_version","Ecdat","0.4.7"
"package_version","Ecdat","0.4.7"
"package_version","Ecdat","0.4.7"
"package_version","Ecdat","0.4.7"
"package_version","Ecdat","0.4.7"
"package_version","Ecdat","0.4.7"
"package_version","Ecdat","0.4.7"
"package_version","Ecdat","0.4.7"
"package_version","Ecdat","0.4.7"
"package_version","Ecdat","0.4.7"
"package_version","Ecdat","0.4.7"
"package_version","Ecdat","0.4.7"
"package_version","Ecdat","0.4.7"
"package_version","Ecdat","0.4.7"
"package_version","Ecdat","0.4.7"
"package_version","Ecdat","0.4.7"
"package_version","Ecdat","0.4.7"
"package_version","Ecdat","0.4.7"
"package_version","Ecdat","0.4.7"
"package_version","Ecdat","0.4.7"
"package_version","Ecdat","0.4.7"
"package_version","Ecdat","0.4.7"
"package_version","Ecdat","0.4.7"
"package_version","Ecdat","0.4.7"
"package_version","Ecdat","0.4.7"
"package_version","Ecdat","0.4.7"
"package_version","Ecdat","0.4.7"
"package_version","Ecdat","0.4.7"
"package_version","Ecdat","0.4.7"
"package_version","Ecdat","0.4.7"
"package_version","Ecdat","0.4.7"
"package_version","Ecdat","0.4.7"
"package_version","Ecdat","0.4.7"
"package_version","Ecdat","0.4.7"
"package_version","Ecdat","0.4.7"
"package_version","Ecdat","0.4.7"
"package_version","Ecdat","0.4.7"
"package_version","Ecdat","0.4.7"
"package_version","Ecdat","0.4.7"
"package_version","Ecdat","0.4.7"
"package_version","Ecdat","0.4.7"
"package_version","Ecdat","0.4.7"
"package_version","Ecdat","0.4.7"
"package_version","Ecdat","0.4.7"
"package_version","Ecdat","0.4.7"
"package_version","Ecdat","0.4.7"
"package_version","Ecdat","0.4.7"
"package_version","Ecdat","0.4.7"
"package_version","Ecdat","0.4.7"
"package_version","Ecdat","0.4.7"
"package_version","Ecdat","0.4.7"
"package_version","Ecdat","0.4.7"
"package_version","Ecdat","0.4.7"
"package_version","Ecdat","0.4.7"
"package_version","Ecdat","0.4.7"
"package_version","Ecdat","0.4.7"
"package_version","Ecdat","0.4.7"
"package_version","Ecdat","0.4.7"
"package_version","Ecdat","0.4.7"
"package_version","Ecdat","0.4.7"
"package_version","Ecdat","0.4.7"
"package_version","Ecdat","0.4.7"
"package_version","Ecdat","0.4.7"
"package_version","Ecdat","0.4.7"
"package_version","Ecdat","0.4.7"
"package_version","Ecdat","0.4.7"
"package_version","Ecdat","0.4.7"
"package_version","Ecdat","0.4.7"
"package_version","Ecdat","0.4.7"
"package_version","Ecdat","0.4.7"
"package_version","Ecdat","0.4.7"
"package_version","Ecdat","0.4.7"
"package_version","Ecdat","0.4.7"
"package_version","Ecdat","0.4.7"
"package_version","Ecdat","0.4.7"
"package_version","Ecdat","0.4.7"
"package_version","Ecdat","0.4.7"
"package_version","Ecdat","0.4.7"
"package_version","Ecdat","0.4.7"
"package_version","Ecdat","0.4.7"
"package_version","Ecdat","0.4.7"
"package_version","Ecdat","0.4.7"
"package_version","Ecdat","0.4.7"
"package_version","Ecdat","0.4.7"
"package_version","Ecdat","0.4.7"
"package_version","Ecdat","0.4.7"
"package_version","Ecdat","0.4.7"
"package_version","Ecdat","0.4.7"
"package_version","Ecdat","0.4.7"
"package_version","Ecdat","0.4.7"
"package_version","Ecdat","0.4.7"
"package_version","Ecdat","0.4.7"
"package_version","Ecdat","0.4.7"
"package_version","Ecdat","0.4.7"
"package_version","Ecdat","0.4.7"
"package_version","Ecdat","0.4.7"
"package_version","Ecdat","0.4.7"
"package_version","Ecdat","0.4.7"
"package_version","Ecdat","0.4.7"
"package_version","Ecdat","0.4.7"
"package_version","Ecdat","0.4.7"
"package_version","Ecdat","0.4.7"
"package_version","HLMdiag","0.5.1"
"package_version","HLMdiag","0.5.1"
"package_version","HLMdiag","0.5.1"
"package_version","HLMdiag","0.5.1"
"package_version","MatchIt","4.7.2"
"package_version","camerondata","1.0.0"
"package_version","camerondata","1.0.0"
"package_version","camerondata","1.0.0"
"package_version","camerondata","1.0.0"
"package_version","camerondata","1.0.0"
"package_version","camerondata","1.0.0"
"package_version","camerondata","1.0.0"
"package_version","camerondata","1.0.0"
"package_version","camerondata","1.0.0"
"package_version","camerondata","1.0.0"
"package_version","camerondata","1.0.0"
"package_version","camerondata","1.0.0"
"package_version","camerondata","1.0.0"
"package_version","causaldata","0.1.4"
"package_version","causaldata","0.1.4"
"package_version","causaldata","0.1.4"
"package_version","causaldata","0.1.4"
"package_version","causaldata","0.1.4"
"package_version","causaldata","0.1.4"
"package_version","causaldata","0.1.4"
"package_version","causaldata","0.1.4"
"package_version","causaldata","0.1.4"
"package_version","causaldata","0.1.4"
"package_version","causaldata","0.1.4"
"package_version","causaldata","0.1.4"
"package_version","causaldata","0.1.4"
"package_version","causaldata","0.1.4"
"package_version","causaldata","0.1.4"
"package_version","causaldata","0.1.4"
"package_version","causaldata","0.1.4"
"package_version","causaldata","0.1.4"
"package_version","causaldata","0.1.4"
"package_version","causaldata","0.1.4"
"package_version","causaldata","0.1.4"
"package_version","causaldata","0.1.4"
"package_version","causaldata","0.1.4"
"package_version","causaldata","0.1.4"
"package_version","causaldata","0.1.4"
"package_version","causaldata","0.1.4"
"package_version","causaldata","0.1.4"
"package_version","causaldata","0.1.4"
"package_version","causaldata","0.1.4"
"package_version","causaldata","0.1.4"
"package_version","causaldata","0.1.4"
"package_version","causaldata","0.1.4"
"package_version","causaldata","0.1.4"
"package_version","causaldata","0.1.4"
"package_version","collegeScorecard","0.2.0"
"package_version","collegeScorecard","0.2.0"
"package_version","crimedatasets","0.1.0"
"package_version","crimedatasets","0.1.0"
"package_version","crimedatasets","0.1.0"
"package_version","crimedatasets","0.1.0"
"package_version","crimedatasets","0.1.0"
"package_version","crimedatasets","0.1.0"
"package_version","crimedatasets","0.1.0"
"package_version","crimedatasets","0.1.0"
"package_version","crimedatasets","0.1.0"
"package_version","crimedatasets","0.1.0"
"package_version","crimedatasets","0.1.0"
"package_version","crimedatasets","0.1.0"
"package_version","crimedatasets","0.1.0"
"package_version","crimedatasets","0.1.0"
"package_version","crimedatasets","0.1.0"
"package_version","crimedatasets","0.1.0"
"package_version","crimedatasets","0.1.0"
"package_version","crimedatasets","0.1.0"
"package_version","crimedatasets","0.1.0"
"package_version","crimedatasets","0.1.0"
"package_version","crimedatasets","0.1.0"
"package_version","crimedatasets","0.1.0"
"package_version","crimedatasets","0.1.0"
"package_version","crimedatasets","0.1.0"
"package_version","crimedatasets","0.1.0"
"package_version","crimedatasets","0.1.0"
"package_version","crimedatasets","0.1.0"
"package_version","crimedatasets","0.1.0"
"package_version","crimedatasets","0.1.0"
"package_version","crimedatasets","0.1.0"
"package_version","crimedatasets","0.1.0"
"package_version","crimedatasets","0.1.0"
"package_version","crimedatasets","0.1.0"
"package_version","crimedatasets","0.1.0"
"package_version","crimedatasets","0.1.0"
"package_version","crimedatasets","0.1.0"
"package_version","crimedatasets","0.1.0"
"package_version","crimedatasets","0.1.0"
"package_version","crimedatasets","0.1.0"
"package_version","crimedatasets","0.1.0"
"package_version","crimedatasets","0.1.0"
"package_version","educationR","0.1.0"
"package_version","educationR","0.1.0"
"package_version","educationR","0.1.0"
"package_version","educationR","0.1.0"
"package_version","educationR","0.1.0"
"package_version","educationR","0.1.0"
"package_version","educationR","0.1.0"
"package_version","educationR","0.1.0"
"package_version","educationR","0.1.0"
"package_version","educationR","0.1.0"
"package_version","educationR","0.1.0"
"package_version","educationR","0.1.0"
"package_version","educationR","0.1.0"
"package_version","educationR","0.1.0"
"package_version","educationR","0.1.0"
"package_version","educationR","0.1.0"
"package_version","educationR","0.1.0"
"package_version","educationR","0.1.0"
"package_version","educationR","0.1.0"
"package_version","educationR","0.1.0"
"package_version","educationR","0.1.0"
"package_version","educationR","0.1.0"
"package_version","educationR","0.1.0"
"package_version","educationR","0.1.0"
"package_version","educationR","0.1.0"
"package_version","educationR","0.1.0"
"package_version","educationR","0.1.0"
"package_version","educationR","0.1.0"
"package_version","educationR","0.1.0"
"package_version","educationR","0.1.0"
"package_version","educationR","0.1.0"
"package_version","educationR","0.1.0"
"package_version","educationR","0.1.0"
"package_version","educationR","0.1.0"
"package_version","educationR","0.1.0"
"package_version","educationR","0.1.0"
"package_version","educationR","0.1.0"
"package_version","educationR","0.1.0"
"package_version","educationR","0.1.0"
"package_version","educationR","0.1.0"
"package_version","educationR","0.1.0"
"package_version","educationR","0.1.0"
"package_version","educationR","0.1.0"
"package_version","educationR","0.1.0"
"package_version","educationR","0.1.0"
"package_version","educationR","0.1.0"
"package_version","educationR","0.1.0"
"package_version","educationR","0.1.0"
"package_version","educationR","0.1.0"
"package_version","educationR","0.1.0"
"package_version","educationR","0.1.0"
"package_version","educationR","0.1.0"
"package_version","educationR","0.1.0"
"package_version","experimentr","0.1.0"
"package_version","experimentr","0.1.0"
"package_version","experimentr","0.1.0"
"package_version","experimentr","0.1.0"
"package_version","experimentr","0.1.0"
"package_version","experimentr","0.1.0"
"package_version","experimentr","0.1.0"
"package_version","experimentr","0.1.0"
"package_version","experimentr","0.1.0"
"package_version","experimentr","0.1.0"
"package_version","experimentr","0.1.0"
"package_version","experimentr","0.1.0"
"package_version","experimentr","0.1.0"
"package_version","experimentr","0.1.0"
"package_version","experimentr","0.1.0"
"package_version","experimentr","0.1.0"
"package_version","gapminder","1.0.1"
"package_version","gapminder","1.0.1"
"package_version","gapminder","1.0.1"
"package_version","gapminder","1.0.1"
"package_version","gapminder","1.0.1"
"package_version","mediation","4.5.1"
"package_version","mediation","4.5.1"
"package_version","mediation","4.5.1"
"package_version","mediation","4.5.1"
"package_version","mediation","4.5.1"
"package_version","mediation","4.5.1"
"package_version","mlmRev","1.0.8"
"package_version","mlmRev","1.0.8"
"package_version","mlmRev","1.0.8"
"package_version","mlmRev","1.0.8"
"package_version","mlmRev","1.0.8"
"package_version","mlmRev","1.0.8"
"package_version","mlmRev","1.0.8"
"package_version","mlmRev","1.0.8"
"package_version","mlmRev","1.0.8"
"package_version","mlmRev","1.0.8"
"package_version","mlmRev","1.0.8"
"package_version","mlmRev","1.0.8"
"package_version","mlmRev","1.0.8"
"package_version","mlmRev","1.0.8"
"package_version","mlmRev","1.0.8"
"package_version","mlmRev","1.0.8"
"package_version","mlmRev","1.0.8"
"package_version","plm","2.6.7"
"package_version","plm","2.6.7"
"package_version","plm","2.6.7"
"package_version","plm","2.6.7"
"package_version","plm","2.6.7"
"package_version","plm","2.6.7"
"package_version","plm","2.6.7"
"package_version","plm","2.6.7"
"package_version","plm","2.6.7"
"package_version","plm","2.6.7"
"package_version","plm","2.6.7"
"package_version","plm","2.6.7"
"package_version","plm","2.6.7"
"package_version","plm","2.6.7"
"package_version","pscl","1.5.9"
"package_version","pscl","1.5.9"
"package_version","pscl","1.5.9"
"package_version","pscl","1.5.9"
"package_version","pscl","1.5.9"
"package_version","pscl","1.5.9"
"package_version","pscl","1.5.9"
"package_version","pscl","1.5.9"
"package_version","pscl","1.5.9"
"package_version","pscl","1.5.9"
"package_version","pscl","1.5.9"
"package_version","pscl","1.5.9"
"package_version","pscl","1.5.9"
"package_version","pscl","1.5.9"
"package_version","pscl","1.5.9"
"package_version","pscl","1.5.9"
"package_version","pscl","1.5.9"
"package_version","pscl","1.5.9"
"package_version","pscl","1.5.9"
"package_version","pscl","1.5.9"
"package_version","psych","2.5.6"
"package_version","psych","2.5.6"
"package_version","psych","2.5.6"
"package_version","psych","2.5.6"
"package_version","psych","2.5.6"
"package_version","psych","2.5.6"
"package_version","psych","2.5.6"
"package_version","psych","2.5.6"
"package_version","psych","2.5.6"
"package_version","psych","2.5.6"
"package_version","psych","2.5.6"
"package_version","psych","2.5.6"
"package_version","psych","2.5.6"
"package_version","psych","2.5.6"
"package_version","psych","2.5.6"
"package_version","psych","2.5.6"
"package_version","psych","2.5.6"
"package_version","psych","2.5.6"
"package_version","psych","2.5.6"
"package_version","psych","2.5.6"
"package_version","psych","2.5.6"
"package_version","psych","2.5.6"
"package_version","psych","2.5.6"
"package_version","psych","2.5.6"
"package_version","psych","2.5.6"
"package_version","psych","2.5.6"
"package_version","psych","2.5.6"
"package_version","psych","2.5.6"
"package_version","psych","2.5.6"
"package_version","psych","2.5.6"
"package_version","psych","2.5.6"
"package_version","psych","2.5.6"
"package_version","psych","2.5.6"
"package_version","psych","2.5.6"
"package_version","psych","2.5.6"
"package_version","psych","2.5.6"
"package_version","sampleSelection","1.2.14"
"package_version","sampleSelection","1.2.14"
"package_version","sampleSelection","1.2.14"
"package_version","sampleSelection","1.2.14"
"package_version","sem","3.1.16"
"package_version","sem","3.1.16"
"package_version","sem","3.1.16"
"package_version","sem","3.1.16"
"package_version","sem","3.1.16"
"package_version","sem","3.1.16"
"package_version","stevedata","1.8.0"
"package_version","stevedata","1.8.0"
"package_version","stevedata","1.8.0"
"package_version","stevedata","1.8.0"
"package_version","stevedata","1.8.0"
"package_version","stevedata","1.8.0"
"package_version","stevedata","1.8.0"
"package_version","stevedata","1.8.0"
"package_version","stevedata","1.8.0"
"package_version","stevedata","1.8.0"
"package_version","stevedata","1.8.0"
"package_version","stevedata","1.8.0"
"package_version","stevedata","1.8.0"
"package_version","stevedata","1.8.0"
"package_version","stevedata","1.8.0"
"package_version","stevedata","1.8.0"
"package_version","stevedata","1.8.0"
"package_version","stevedata","1.8.0"
"package_version","stevedata","1.8.0"
"package_version","stevedata","1.8.0"
"package_version","stevedata","1.8.0"
"package_version","stevedata","1.8.0"
"package_version","stevedata","1.8.0"
"package_version","stevedata","1.8.0"
"package_version","stevedata","1.8.0"
"package_version","stevedata","1.8.0"
"package_version","stevedata","1.8.0"
"package_version","stevedata","1.8.0"
"package_version","stevedata","1.8.0"
"package_version","stevedata","1.8.0"
"package_version","stevedata","1.8.0"
"package_version","stevedata","1.8.0"
"package_version","stevedata","1.8.0"
"package_version","stevedata","1.8.0"
"package_version","stevedata","1.8.0"
"package_version","stevedata","1.8.0"
"package_version","stevedata","1.8.0"
"package_version","stevedata","1.8.0"
"package_version","stevedata","1.8.0"
"package_version","stevedata","1.8.0"
"package_version","stevedata","1.8.0"
"package_version","stevedata","1.8.0"
"package_version","stevedata","1.8.0"
"package_version","stevedata","1.8.0"
"package_version","stevedata","1.8.0"
"package_version","stevedata","1.8.0"
"package_version","stevedata","1.8.0"
"package_version","stevedata","1.8.0"
"package_version","stevedata","1.8.0"
"package_version","stevedata","1.8.0"
"package_version","stevedata","1.8.0"
"package_version","stevedata","1.8.0"
"package_version","stevedata","1.8.0"
"package_version","stevedata","1.8.0"
"package_version","stevedata","1.8.0"
"package_version","stevedata","1.8.0"
"package_version","stevedata","1.8.0"
"package_version","stevedata","1.8.0"
"package_version","stevedata","1.8.0"
"package_version","stevedata","1.8.0"
"package_version","stevedata","1.8.0"
"package_version","stevedata","1.8.0"
"package_version","stevedata","1.8.0"
"package_version","stevedata","1.8.0"
"package_version","stevedata","1.8.0"
"package_version","stevedata","1.8.0"
"package_version","stevedata","1.8.0"
"package_version","stevedata","1.8.0"
"package_version","stevedata","1.8.0"
"package_version","stevedata","1.8.0"
"package_version","stevedata","1.8.0"
"package_version","stevedata","1.8.0"
"package_version","stevedata","1.8.0"
"package_version","stevedata","1.8.0"
"package_version","stevedata","1.8.0"
"package_version","stevedata","1.8.0"
"package_version","stevedata","1.8.0"
"package_version","stevedata","1.8.0"
"package_version","stevedata","1.8.0"
"package_version","stevedata","1.8.0"
"package_version","stevedata","1.8.0"
"package_version","stevedata","1.8.0"
"package_version","stevedata","1.8.0"
"package_version","stevedata","1.8.0"
"package_version","stevedata","1.8.0"
"package_version","stevedata","1.8.0"
"package_version","stevedata","1.8.0"
"package_version","stevedata","1.8.0"
"package_version","stevedata","1.8.0"
"package_version","stevedata","1.8.0"
"package_version","stevedata","1.8.0"
"package_version","stevedata","1.8.0"
"package_version","stevedata","1.8.0"
"package_version","stevedata","1.8.0"
"package_version","stevedata","1.8.0"
"package_version","stevedata","1.8.0"
"package_version","stevedata","1.8.0"
"package_version","stevedata","1.8.0"
"package_version","stevedata","1.8.0"
"package_version","stevedata","1.8.0"
"package_version","stevedata","1.8.0"
"package_version","stevedata","1.8.0"
"package_version","stevedata","1.8.0"
"package_version","stevedata","1.8.0"
"package_version","stevedata","1.8.0"
"package_version","stevedata","1.8.0"
"package_version","stevedata","1.8.0"
"package_version","stevedata","1.8.0"
"package_version","stevedata","1.8.0"
"package_version","stevedata","1.8.0"
"package_version","stevedata","1.8.0"
"package_version","wooldridge","1.4.7"
"package_version","wooldridge","1.4.7"
"package_version","wooldridge","1.4.7"
"package_version","wooldridge","1.4.7"
"package_version","wooldridge","1.4.7"
"package_version","wooldridge","1.4.7"
"package_version","wooldridge","1.4.7"
"package_version","wooldridge","1.4.7"
"package_version","wooldridge","1.4.7"
"package_version","wooldridge","1.4.7"
"package_version","wooldridge","1.4.7"
"package_version","wooldridge","1.4.7"
"package_version","wooldridge","1.4.7"
"package_version","wooldridge","1.4.7"
"package_version","wooldridge","1.4.7"
"package_version","wooldridge","1.4.7"
"package_version","wooldridge","1.4.7"
"package_version","wooldridge","1.4.7"
"package_version","wooldridge","1.4.7"
"package_version","wooldridge","1.4.7"
"package_version","wooldridge","1.4.7"
"package_version","wooldridge","1.4.7"
"package_version","wooldridge","1.4.7"
"package_version","wooldridge","1.4.7"
"package_version","wooldridge","1.4.7"
"package_version","wooldridge","1.4.7"
"package_version","wooldridge","1.4.7"
"package_version","wooldridge","1.4.7"
"package_version","wooldridge","1.4.7"
"package_version","wooldridge","1.4.7"
"package_version","wooldridge","1.4.7"
"package_version","wooldridge","1.4.7"
"package_version","wooldridge","1.4.7"
"package_version","wooldridge","1.4.7"
"package_version","wooldridge","1.4.7"
"package_version","wooldridge","1.4.7"
"package_version","wooldridge","1.4.7"
"package_version","wooldridge","1.4.7"
"package_version","wooldridge","1.4.7"
"package_version","wooldridge","1.4.7"
"package_version","wooldridge","1.4.7"
"package_version","wooldridge","1.4.7"
"package_version","wooldridge","1.4.7"
"package_version","wooldridge","1.4.7"
"package_version","wooldridge","1.4.7"
"package_version","wooldridge","1.4.7"
"package_version","wooldridge","1.4.7"
"package_version","wooldridge","1.4.7"
"package_version","wooldridge","1.4.7"
"package_version","wooldridge","1.4.7"
"package_version","wooldridge","1.4.7"
"package_version","wooldridge","1.4.7"
"package_version","wooldridge","1.4.7"
"package_version","wooldridge","1.4.7"
"package_version","wooldridge","1.4.7"
"package_version","wooldridge","1.4.7"
"package_version","wooldridge","1.4.7"
"package_version","wooldridge","1.4.7"
"package_version","wooldridge","1.4.7"
"package_version","wooldridge","1.4.7"
"package_version","wooldridge","1.4.7"
"package_version","wooldridge","1.4.7"
"package_version","wooldridge","1.4.7"
"package_version","wooldridge","1.4.7"
"package_version","wooldridge","1.4.7"
"package_version","wooldridge","1.4.7"
"package_version","wooldridge","1.4.7"
"package_version","wooldridge","1.4.7"
"package_version","wooldridge","1.4.7"
"package_version","wooldridge","1.4.7"
"package_version","wooldridge","1.4.7"
"package_version","wooldridge","1.4.7"
"package_version","wooldridge","1.4.7"
"package_version","wooldridge","1.4.7"
"package_version","wooldridge","1.4.7"
"package_version","wooldridge","1.4.7"
"package_version","wooldridge","1.4.7"
"package_version","wooldridge","1.4.7"
"package_version","wooldridge","1.4.7"
"package_version","wooldridge","1.4.7"
"package_version","wooldridge","1.4.7"
"package_version","wooldridge","1.4.7"
"package_version","wooldridge","1.4.7"
"package_version","wooldridge","1.4.7"
"package_version","wooldridge","1.4.7"
"package_version","wooldridge","1.4.7"
"package_version","wooldridge","1.4.7"
"package_version","wooldridge","1.4.7"
"package_version","wooldridge","1.4.7"
"package_version","wooldridge","1.4.7"
"package_version","wooldridge","1.4.7"
"package_version","wooldridge","1.4.7"
"package_version","wooldridge","1.4.7"
"package_version","wooldridge","1.4.7"
"package_version","wooldridge","1.4.7"
"package_version","wooldridge","1.4.7"
"package_version","wooldridge","1.4.7"
"package_version","wooldridge","1.4.7"
"package_version","wooldridge","1.4.7"
"package_version","wooldridge","1.4.7"
"package_version","wooldridge","1.4.7"
"package_version","wooldridge","1.4.7"
"package_version","wooldridge","1.4.7"
"package_version","wooldridge","1.4.7"
"package_version","wooldridge","1.4.7"
"package_version","wooldridge","1.4.7"
"package_version","wooldridge","1.4.7"
"package_version","wooldridge","1.4.7"
"package_version","wooldridge","1.4.7"
"package_version","wooldridge","1.4.7"
"package_version","wooldridge","1.4.7"
"package_version","wooldridge","1.4.7"
"package_version","wooldridge","1.4.7"
"package_version","wooldridge","1.4.7"
"package_version","wooldridge","1.4.7"
"raw_csv","data_raw/csv/AER/Affairs.csv","68fbf471924508e2b86c913b7ade8adf291498517bb12bbd8e5318fe04482a0b"
"raw_csv","data_raw/csv/AER/BankWages.csv","15d5fec92754ac3f351d6d3b65922adbc72bc5f7350a686e3f2c09df92b5d91c"
"raw_csv","data_raw/csv/AER/CASchools.csv","895568b58b16b78e03b344502b6ff76b27f7d22dcbe3a699e766a54dd151fee8"
"raw_csv","data_raw/csv/AER/CPS1985.csv","1b4bf681b94ecb82e534a0f97773c704205e13ccf13d273e439e44eaa9f5435c"
"raw_csv","data_raw/csv/AER/CPS1988.csv","ef5ee9cbf3674f9cf242549517cf7801bffc5e98c1006055c9fdefebaf386251"
"raw_csv","data_raw/csv/AER/CPSSW04.csv","2567076884c10187f84486258b655573cc3274b087bf69d493a37102c2288bf8"
"raw_csv","data_raw/csv/AER/CPSSW8.csv","908a60fa4fb5f12d6dad1e5beb2181e5da606346b75046f41f0316572bcfaf27"
"raw_csv","data_raw/csv/AER/CPSSW9204.csv","564796f10c0a7ebcc51802ac51f20a5ab3d2354a027774808bd8f6b82e007663"
"raw_csv","data_raw/csv/AER/CPSSW9298.csv","43e92c32656606edb877a0d97e4d7b4ce4a6285fbbb6ac5ef26bf4673171c9f2"
"raw_csv","data_raw/csv/AER/CPSSWEducation.csv","fd4e6d240c444b8dc7c851b55eb85f2254d13c42095f679e64b346718de41e58"
"raw_csv","data_raw/csv/AER/CartelStability.csv","adc6d1873d0ee299e2067e2546c2ddc1ef1787905d8a2857df2a221e2c58ca0a"
"raw_csv","data_raw/csv/AER/CigarettesB.csv","621f89c677d9f838db83223da2277d320bbfac9fb91cbfc811d80a2d9f1921cb"
"raw_csv","data_raw/csv/AER/CigarettesSW.csv","629e887a8104d483d450a9bbe487cb5613e62d116c4ecc84d6c8893b7393fcd2"
"raw_csv","data_raw/csv/AER/CollegeDistance.csv","7e41d11d682572b34de068b474c4d3b4e4c1778d5cce49ba73768cb10008abc7"
"raw_csv","data_raw/csv/AER/CreditCard.csv","3eb5396fd275b2383536a3f1de39b22b9047a93d5c8cb0557bb1b90b1b13e0a9"
"raw_csv","data_raw/csv/AER/DoctorVisits.csv","156452d7b7e2d5c8758517f33c19dd15443f5ab180bdefabae6da94413bd0bad"
"raw_csv","data_raw/csv/AER/Electricity1955.csv","20b07de5766de3ddfbf454474c5f7308f6e697d73d065d6f48fdac3c505a960f"
"raw_csv","data_raw/csv/AER/Electricity1970.csv","94d365a418d29a02791133bfb2304f8774ed9a7d162c857fccd25d5ef2f73dc6"
"raw_csv","data_raw/csv/AER/EquationCitations.csv","cb4a8d87a0e156e8ab377fd776f1c9f367ef0552a8d9ac349ccc0bdf825a8da6"
"raw_csv","data_raw/csv/AER/Fatalities.csv","ae265c1b14b4a023179b3af5db33b6a659ccf804987f26e8349826d4083ee149"
"raw_csv","data_raw/csv/AER/Fertility.csv","ca9be592b79dddbc2f49ff80f45d0dbe31aac4afb57ff88dec57376c3f3e3452"
"raw_csv","data_raw/csv/AER/Fertility2.csv","d037045571bd7e96c31a2f96fd6e854fcace0c1e67a18c9ea3316c84fc0c86d9"
"raw_csv","data_raw/csv/AER/GSOEP9402.csv","0bd44917e37593d3e24c7121b0dfade3a3055f2a8acc5ae7a9554fe058aeb380"
"raw_csv","data_raw/csv/AER/GSS7402.csv","ee9165a6c4a4cfa2858daf9e9564527ad031255284a3ce0c68969775979c96bf"
"raw_csv","data_raw/csv/AER/GrowthDJ.csv","3d06303f1da9959175e990eb068bf242fac0e9bc1f9daad1f5fffe96d100e796"
"raw_csv","data_raw/csv/AER/GrowthSW.csv","3c0f5220a9da594f95effc4e19272f979f2e79728996683f4e46071121cdbe72"
"raw_csv","data_raw/csv/AER/Grunfeld.csv","5193b2005783964507fe7c8b652c5370fdab2df2bd2e420a334d292fa92a29df"
"raw_csv","data_raw/csv/AER/Guns.csv","177921ab3faa86cab3588e6c996ef10c39d6b4497555cc26c5a6ba223ba66cf4"
"raw_csv","data_raw/csv/AER/HMDA.csv","d142067a4bad8835339f562f57dd2b402e9a5ba7f3b77238d72f0f4efa6fee54"
"raw_csv","data_raw/csv/AER/HealthInsurance.csv","04b0608b161da60a3421690f76e7ed8067b21700760717788fba6a4ac288ccbc"
"raw_csv","data_raw/csv/AER/HousePrices.csv","4c7f6df4c6264cf6f57ea6ec5157958c4033efe1f51b2855efb18e297274bfe3"
"raw_csv","data_raw/csv/AER/Journals.csv","e816e8433743aeebf4ffe8a432add07d00873663137aa935b85129c591ece13d"
"raw_csv","data_raw/csv/AER/MASchools.csv","97a519ed30dd910c793fc3646c871053980530566a3a0e74d7beda43c013acf1"
"raw_csv","data_raw/csv/AER/Medicaid1986.csv","23043d31150ea99d2af10aaddb0fa4b3cf00e9c038872a953ba8a8929750ddd5"
"raw_csv","data_raw/csv/AER/Mortgage.csv","09a83d86980b91f108ed1d20b7a0abe146b5625588f3bd89ff9b0bbfbf092c6d"
"raw_csv","data_raw/csv/AER/Municipalities.csv","54c923c38bdce7d9119281c03fb6dca213e006c7a1a1f75fb2236ea7fa066eec"
"raw_csv","data_raw/csv/AER/MurderRates.csv","9678cfd759f81d3eebaba3f9133cd2e87fde13f78a82e6efb763d15ace9b592d"
"raw_csv","data_raw/csv/AER/NMES1988.csv","cbaf6eb0ae09f36ef6ff64efe6e31c1e2e18e2c0b95d5813a9ebb63ded19fd3f"
"raw_csv","data_raw/csv/AER/NaturalGas.csv","b1d26661cdf821f159a516d6703ea9d81f69027c5f64dd8d5367435d0caaeabd"
"raw_csv","data_raw/csv/AER/OECDGas.csv","8a9113f308d37307d6d98d12ffe5f923ca03286c055c8e7fd0048dd26f02208a"
"raw_csv","data_raw/csv/AER/PSID1976.csv","c1753d7fd3ce24bde71efbded3c2162e306863c31c5d2686095d739cbb71485a"
"raw_csv","data_raw/csv/AER/PSID1982.csv","32d480c60599272ba6ce27515322f24674c022ce6caaaf421c9a9fae18faeb7a"
"raw_csv","data_raw/csv/AER/PSID7682.csv","70c780eb792c7d0aea277d3c8447cdb68c4afb75d258fc45c456a837008af366"
"raw_csv","data_raw/csv/AER/Parade2005.csv","6369130f9e796ee86d58eda4d6393332657324659738541a173bcb8c48de789c"
"raw_csv","data_raw/csv/AER/PhDPublications.csv","9d271f7ac6a72ac240a9c1b3dbf3c3a15fa910081d9a9bc8bff40eacced576c5"
"raw_csv","data_raw/csv/AER/ProgramEffectiveness.csv","85a21f0e6699917ef518c7e635823fde14180f7a05b04e4e17075b0df2ea07ab"
"raw_csv","data_raw/csv/AER/RecreationDemand.csv","9b2ce45d287b70917f78f689949c0213abd208b054be73511bc81e6dd38c5572"
"raw_csv","data_raw/csv/AER/ResumeNames.csv","9ece4fea6e77a3fa7ed8737ced8b02250b6b768d9cd15be26360e00a4c29e1aa"
"raw_csv","data_raw/csv/AER/STAR.csv","0e8b179ea3d883730b25008ca1293c4c8f886aa8d5d299c03ab6ff05d0123ae6"
"raw_csv","data_raw/csv/AER/ShipAccidents.csv","22bea13a1fed1d55f6ed32e26a030991c156a038b74f73a057cc180fe2c691d4"
"raw_csv","data_raw/csv/AER/SmokeBan.csv","fcc29a76369ea6c5c18ace3d61e88d1d558a5e18d7bff2516683ddd6b5391d10"
"raw_csv","data_raw/csv/AER/SportsCards.csv","b8a0e9aac85bd2a1aea51c8a5edf447188165e2677be5d15dfec4cf00d992941"
"raw_csv","data_raw/csv/AER/SwissLabor.csv","91be037c897c52a20cb454507eb4b982bda8f962dfd0b2c5cecd10eda6fff724"
"raw_csv","data_raw/csv/AER/TeachingRatings.csv","a7d1d8e2a73259faed98ed6abbb3d396b2399c68e59ce6cfc6de94c736c9f1f6"
"raw_csv","data_raw/csv/AER/TravelMode.csv","19eba878f6f0c7f2318f6724e83f6eb0de73a43aeecb586fab39d53963507657"
"raw_csv","data_raw/csv/AER/USAirlines.csv","2138fc6905bcbc2ef1b39779fbf725fab263cc47eff8667182fb14174d2047d1"
"raw_csv","data_raw/csv/AER/USCrudes.csv","17e8df6d8f1b32d5e0c73826af493b7abe09c657a42affc2839c5cf6ae614329"
"raw_csv","data_raw/csv/AER/USSeatBelts.csv","97a83f4d0a11b11189bc945012ed91700ec89f06f5cbab3318802479eabcc67c"
"raw_csv","data_raw/csv/Ecdat/ACLEDpopGDP.csv","b7cecb1944d11ac71b3cd210a9a57b13c0bbe53b9f4dcd1f72c7632fad34da5b"
"raw_csv","data_raw/csv/Ecdat/Accident.csv","93c374f411de2b10537d253d6e07380f44f33b09a74440537addde190ddfd3f9"
"raw_csv","data_raw/csv/Ecdat/Airline.csv","392c0722acfa87c8b9f1b006f1dd18ea2ae1a9a7a6cca54409e01b98831016d8"
"raw_csv","data_raw/csv/Ecdat/Airq.csv","5afae7f8805205ded241f99e6c26c22b7fdecfdf70d4210cd4f0c1b22f09caa5"
"raw_csv","data_raw/csv/Ecdat/Benefits.csv","88889d1e80089714bcfff15c73d54ef781046f47ffd371118d2ca341a7fe9fce"
"raw_csv","data_raw/csv/Ecdat/Bids.csv","e396dd5b5b10880b01631ec73b6d0fda4fa2c24c1098b2e5f633b7294fac47eb"
"raw_csv","data_raw/csv/Ecdat/BudgetFood.csv","f1a308b45002f856eddffb3f23ac2e255a4542fb1c846a6e48cdb49d61ca0eeb"
"raw_csv","data_raw/csv/Ecdat/BudgetItaly.csv","bb842be27d3366f31a24e3be104de56b228a77f3730e287e85fa077c32314b57"
"raw_csv","data_raw/csv/Ecdat/BudgetUK.csv","9089f1a97894389e0f83060b61b5ec51ae4c60634afdfff5e9514514af4c2da6"
"raw_csv","data_raw/csv/Ecdat/Bwages.csv","8fcb56a9cca2dbec56becddc81eb7813ac96cd06cff4ac6ff69a60a07d091138"
"raw_csv","data_raw/csv/Ecdat/CPSch3.csv","3f04613f1d9d275a9e56e950ab181d40dd05574d5b7e96a64bb03e3a5adb7222"
"raw_csv","data_raw/csv/Ecdat/Capm.csv","47d1a7a11374c3cf982600e6fe0ca1c6337858e399df034af44b519c1a7a3afa"
"raw_csv","data_raw/csv/Ecdat/Car.csv","312d2b0126f8904641d26df72ebd8a9f61ec05f91fca129440ae7cded9d33f54"
"raw_csv","data_raw/csv/Ecdat/Caschool.csv","644e606cd8ff21557375a091f744f623323bb84de99da616923a97942e4fe54b"
"raw_csv","data_raw/csv/Ecdat/Catsup.csv","ba79575c3b7709b7476b242cd4eeee57f455a7921221f01dad635b14d37473ac"
"raw_csv","data_raw/csv/Ecdat/Cigar.csv","ca583b833774d70c7d14c42bfe23c43fcfb74c77bda326bf54509fc57002241b"
"raw_csv","data_raw/csv/Ecdat/Cigarette.csv","5ffbfbcbbfb45809494c179835e1a749426dc96c4b67f657dd7428352eb4735d"
"raw_csv","data_raw/csv/Ecdat/Clothing.csv","9d96c6bb3183b9793195692ff628f5a980f1d504374e8c2c9f3b96b38784bb0b"
"raw_csv","data_raw/csv/Ecdat/Computers.csv","9cfb2d536ea8071941ee43b4765ed857585eefe0db662b1faedf41cd671e7301"
"raw_csv","data_raw/csv/Ecdat/Cracker.csv","d87ba2a9aad203ee19414f2b7eabf7aee1be0732883ee6ad74fb07041dd79636"
"raw_csv","data_raw/csv/Ecdat/Crime.csv","d289819994cbf7b67ee86e4a96244c33c215a64303426be142ef014a223c2f9b"
"raw_csv","data_raw/csv/Ecdat/DM.csv","426687ba14f09f140bdcb1d06729fa3214c33228610a63957c1cde76fcf7e7c8"
"raw_csv","data_raw/csv/Ecdat/Doctor.csv","880628cdfe0d31aca11f435e169a8b05e7c1fc2671e70058b841f992b0da37eb"
"raw_csv","data_raw/csv/Ecdat/DoctorAUS.csv","ce0ae406e03ea45f1b29dcf977a2345063e4d22a3fe1b79ea71a0c45cf832cdb"
"raw_csv","data_raw/csv/Ecdat/DoctorContacts.csv","79a01959561d6460cb0f0026b27bbc14c273fc3ed59347bbe7ddaca6809ba62f"
"raw_csv","data_raw/csv/Ecdat/Electricity.csv","7331a074eac71f8592da91c81b6dad4298f60040634a8c0e0b45cad56e0287a3"
"raw_csv","data_raw/csv/Ecdat/Fair.csv","f5393c002301aa7bb17521a01c2bc35a185999c9f0499d38ea7fd5591243ea7c"
"raw_csv","data_raw/csv/Ecdat/Fatality.csv","989b1c5e7bff990d31172a319d7ba1390d1ea7490561db67e4b773d47fc2941b"
"raw_csv","data_raw/csv/Ecdat/Fishing.csv","c086c79a9fec62bc2accc6b37160d74d2246e20a7e08b285590ed9120c01705a"
"raw_csv","data_raw/csv/Ecdat/Forward.csv","feb2d87229b00f587ed06cd81dadeda6830aea51b7997187a90805bc728b52d5"
"raw_csv","data_raw/csv/Ecdat/FriendFoe.csv","cedb901050f176d8da930d7bb08a08f3506ba7abee782517fb396c116be93786"
"raw_csv","data_raw/csv/Ecdat/Garch.csv","19be328bcd20595ade345c2a3bacf8264df92057647cd493388f336e07aa6474"
"raw_csv","data_raw/csv/Ecdat/Gasoline.csv","0e3282c26c12dd9fb814c8735857785df83cf5389871b0faa998dc1815c2ba3a"
"raw_csv","data_raw/csv/Ecdat/Griliches.csv","c3d352a49d1a48c7cf95092938a8ca439430ce7609e3ae1c079c2a5a6f112185"
"raw_csv","data_raw/csv/Ecdat/Grunfeld.csv","12ff1bcf9491d2349115203f3bb7212c158754051ab180a814585d8656458204"
"raw_csv","data_raw/csv/Ecdat/HC.csv","df53f64e8c110f9d62cc1ffa91340cda7930296690f1e4f48c1ddce5d1927080"
"raw_csv","data_raw/csv/Ecdat/HHSCyberSecurityBreaches.csv","72e3f72a7558ae59a24a2eb8b524e8b4a4f5ff2e42333ee8472a5cba2f6adbe1"
"raw_csv","data_raw/csv/Ecdat/HI.csv","a87562a8482c2366a91f02c9f2a87e75b711abd1182681ed812f4343a0151983"
"raw_csv","data_raw/csv/Ecdat/Hdma.csv","0495c860eded48049e8dd6fd3efb1eaf1c11d06a9b76054cab2da95bef45bdd0"
"raw_csv","data_raw/csv/Ecdat/Heating.csv","7922728e4661124d04848c4823cd5e7ec61884af0dae6126faeba1f23ad2b506"
"raw_csv","data_raw/csv/Ecdat/Hedonic.csv","122cafb72b426c3264ee4f6eaf4316e8a670aaaf99d9cc9181b08a86772fb16c"
"raw_csv","data_raw/csv/Ecdat/Hmda.csv","b52090f205ef186548172fb3b5b3989f8f7985df23edba1d213d3b3e06406e39"
"raw_csv","data_raw/csv/Ecdat/Housing.csv","8b2ae10b051d64d8f6bfc8aad588abdd9bcf18458e430ae0e515010215f65400"
"raw_csv","data_raw/csv/Ecdat/Icecream.csv","9c72c04c91a169a54a9aa74656e997595b4676ec74f84867a7f05995d892bc55"
"raw_csv","data_raw/csv/Ecdat/Journals.csv","f65aef4a842e4911da7004ce1cf4c98cc15428069a6e42def51a4eee926f0463"
"raw_csv","data_raw/csv/Ecdat/Kakadu.csv","a63f2a087bfb7df81495bf9c34bd35f7ab4d584595f4a86d530f47d13e47139c"
"raw_csv","data_raw/csv/Ecdat/Ketchup.csv","85f068c8e455a56fe06aa9e75affebd8c65de00edffe55dcfebb737441d9702c"
"raw_csv","data_raw/csv/Ecdat/LaborSupply.csv","cce2922cef1f4f3977b9ce315b35a9c3317e53092d0fc0c85680b548fd68e9a1"
"raw_csv","data_raw/csv/Ecdat/Labour.csv","4850beb3c609780e993c3636d55874ca26118d5bdf267407477168a9408bd1f2"
"raw_csv","data_raw/csv/Ecdat/MCAS.csv","6a4cd3945f873a59df04125fc212ec55941ee9dc878c5719af7d96cf0f54af20"
"raw_csv","data_raw/csv/Ecdat/Males.csv","3ba3ff675e9140290ce7aa840e4b3f335a5248906a4a8992ef57da7ba68e4494"
"raw_csv","data_raw/csv/Ecdat/Mathlevel.csv","dd04233216fba3a26a8f7891669467d43873662d071089573f6de8071de3ff1d"
"raw_csv","data_raw/csv/Ecdat/MedExp.csv","d4a38be8f82a1e0d9c8af55553e140bd5786ee8b17e9da152fc1ea06def9823d"
"raw_csv","data_raw/csv/Ecdat/Mode.csv","a204c7d5b7e8e2671a63093d7dfc3d1da48a72be6089f4f169d6d1e571c9ff90"
"raw_csv","data_raw/csv/Ecdat/ModeChoice.csv","2c53413bc2a31f3d26a42171ef48508a35d58dd37b6010f49d4e2d379d5b3a2f"
"raw_csv","data_raw/csv/Ecdat/Mofa.csv","013ef1f42a840109edcc4c03e84716ae68a40f6e10eb7ff4b54985d6c8a78a0c"
"raw_csv","data_raw/csv/Ecdat/Mroz.csv","878b8bf60680f291bc9e6ff1b2ae22ff1e230151eff65f1238706fedf85904c3"
"raw_csv","data_raw/csv/Ecdat/MunExp.csv","42cd8fb77293b9977b886847eb247c86684d92063b20dda3ba310c402bd25203"
"raw_csv","data_raw/csv/Ecdat/NaturalPark.csv","e54057b7b2e41de590a2e20d2e10f00c0b77346da9dd525a080ee896fa0573bb"
"raw_csv","data_raw/csv/Ecdat/Nerlove.csv","43c046f24b683097bcd6b966e63bad9f3bc8f28854f0ae8b6617b8087a9a8164"
"raw_csv","data_raw/csv/Ecdat/OCC1950.csv","729b64743a994f8a86b153672aadc4e9854794aab755491d800fd82fd6d91606"
"raw_csv","data_raw/csv/Ecdat/OFP.csv","e8f53f9a4c75d480bb1128c9180fe5e3c55d59d018bfab00e49ec7f601661aa2"
"raw_csv","data_raw/csv/Ecdat/Oil.csv","758ef097451542dd1de3b02ec82ed810d84cce81208ea3483fb08d391c9f5aae"
"raw_csv","data_raw/csv/Ecdat/PSID.csv","c894f367901750158d625302788e1e690c7f12d9d6af19b2f30bd70b6097531b"
"raw_csv","data_raw/csv/Ecdat/Participation.csv","5175304aebe30b7e276f8551b156eb17a12a98ec77992a421b376ea317fff8bf"
"raw_csv","data_raw/csv/Ecdat/PatentsHGH.csv","46241bb0cb885e761e12dd79e617125fb9c269a84c63426d39349458fba286fa"
"raw_csv","data_raw/csv/Ecdat/PatentsRD.csv","d7f17e320ec9acd3b7a8291e3483db0ee3b7ac8b6449689bc6444706d686d1ff"
"raw_csv","data_raw/csv/Ecdat/Pound.csv","2a954f9e0c5a2add90c621f2bce5f6c5b5866d0cd3c5a16f0f8aa65a16f4b18e"
"raw_csv","data_raw/csv/Ecdat/Produc.csv","77aeffd82fdcd1561bd4a5e746edda80ad022ae1d635ca0463acbf6c3fa91340"
"raw_csv","data_raw/csv/Ecdat/RetSchool.csv","77a6ea8b841a6af91cc7c2fecee24cb8806511255da8c0c8422ac9fd1deafd81"
"raw_csv","data_raw/csv/Ecdat/Schooling.csv","d2027e2bd26092b8456dd55605d84422d52d5443d308836167e706dd66daaba6"
"raw_csv","data_raw/csv/Ecdat/Somerville.csv","b51be7419d1d262f9cc463982b72c0a313e1800169d018a42fedef8247242831"
"raw_csv","data_raw/csv/Ecdat/Star.csv","2a029cf43fad58cfc477d8dd1ae431a370e01cf92ef608ede5f421e1c4b93be1"
"raw_csv","data_raw/csv/Ecdat/StrikeNb.csv","fbc15ad2eea10b175806cadf65b12cb0678c714cf716a7cf208d84cf0be322dc"
"raw_csv","data_raw/csv/Ecdat/SumHes.csv","c4196e8083d474bad9c63fa4ee285db1aa23e1dc848d2d88b049dbb63beba3ab"
"raw_csv","data_raw/csv/Ecdat/Tobacco.csv","01cb334cb638b681ac797920d45efbd30b3f99ed16d858a4e63674ca46cee975"
"raw_csv","data_raw/csv/Ecdat/Train.csv","0e72d7f6473c06933d1223a44249adecd529b6c7e0d17a34eeb5cec1f2ef8d5d"
"raw_csv","data_raw/csv/Ecdat/Treatment.csv","1dcc793cdb69fb718a92da5b4cad8718282b079628b9fcdedd41765cdc4373d7"
"raw_csv","data_raw/csv/Ecdat/Tuna.csv","ff7d413a61736bb9db04eb1e5249a99636393dacda025154c9dfbf7c634168c2"
"raw_csv","data_raw/csv/Ecdat/USFinanceIndustry.csv","ec98be891fa4d0272d72c874f75379454625dcc7fc4d90f634a298cd6d654059"
"raw_csv","data_raw/csv/Ecdat/USGDPpresidents.csv","2f628a915677cc197417820ea5f918c87a899b2b532dae9c671bf10b49234040"
"raw_csv","data_raw/csv/Ecdat/USPS.csv","c41a9b09a59148c250338887c1e3b1763c7e7edd1bd907e81cf78f5e249ebb2e"
"raw_csv","data_raw/csv/Ecdat/USincarcerations.csv","ac612df6b05422c85f13cb08c4e6dc8925d52e4077be1c57fcb30e306c78e5fe"
"raw_csv","data_raw/csv/Ecdat/USnewspapers.csv","53f6a76bcbc686b40db9990d3e43d71ce90f967ce2decbf8fef96d79e773a5fb"
"raw_csv","data_raw/csv/Ecdat/UnempDur.csv","b2af5323840983b8d758f40a0c9367de04066d79351db0ee8ba53509aa39296e"
"raw_csv","data_raw/csv/Ecdat/Unemployment.csv","98409164be67d3783649d9e1ef9e879618dcd176e8d00cf0e9b37b69401d24e6"
"raw_csv","data_raw/csv/Ecdat/University.csv","ffdbd12bd7206f73b185ce78e28d6ddd7469b144e897ef6289b1db2a8e02f3cd"
"raw_csv","data_raw/csv/Ecdat/VietNamH.csv","363f2d187d829fb2b975cd4547b6a1056dfd65bbfa66db26a948ac2fd8141835"
"raw_csv","data_raw/csv/Ecdat/VietNamI.csv","0abd606b9a5bec631a91f2cc764acbedfb1d2d52f52f09368439f2225129276f"
"raw_csv","data_raw/csv/Ecdat/Wages.csv","abe2c57bbd05fda31e80de7670e4302484272124657ecfc69b0e96997653b362"
"raw_csv","data_raw/csv/Ecdat/Wages1.csv","82775cf43748926cb7b94f4105d23260180f57ff4dcd30622bc46c8ccb7a47d7"
"raw_csv","data_raw/csv/Ecdat/Workinghours.csv","a9bfa55eb55ab10d4c7dafcf546a6804018cb92cf5b6143aa1ad2bf9ea64a00e"
"raw_csv","data_raw/csv/Ecdat/Yen.csv","e8a48b148135f5708e500f7b314a0ae8bc4270ace3542aa3bdba6de1882082ea"
"raw_csv","data_raw/csv/Ecdat/Yogurt.csv","522552372b313d537a7c8b9d7acf28a3d9a6ba8950c69a0dd78d86f0e164cf0d"
"raw_csv","data_raw/csv/Ecdat/bankingCrises.csv","42ca5d2ed8a3350171db1cb2d92dd3bdbf0fab2a215865008a9afc5186f76779"
"raw_csv","data_raw/csv/Ecdat/breaches.csv","4e32af14f775c55b85fc1450f05c52a45e69ea6cdaa90561dd9ed2607f94c51c"
"raw_csv","data_raw/csv/Ecdat/incomeInequality.csv","167393dc45b5f7d7cf58a24a64aa942a42edb2d02a26305cde8995651cc37efd"
"raw_csv","data_raw/csv/Ecdat/nkill.byCountryYr.csv","16a7cf23cf6a83aeb82bce6ac72477d8413848063bf99547bef1f7fdc3a13312"
"raw_csv","data_raw/csv/Ecdat/terrorism.csv","d762413b6765813de8131316d1a35c250a40183b48c3e847e92cb2a7a89d734a"
"raw_csv","data_raw/csv/HLMdiag/ahd.csv","c8c8731e6fe8a74f79b6b579bf0472c5b1eb68a6d0e70b13706043f022773cef"
"raw_csv","data_raw/csv/HLMdiag/autism.csv","175b38ba9192dc3c34ddc9b657f625245849cfc8619de6e8afe0984aae0f38a0"
"raw_csv","data_raw/csv/HLMdiag/radon.csv","ff4829f63360178130568cfddc0b01b8121c7c905384197623275d1b733a8eb3"
"raw_csv","data_raw/csv/HLMdiag/wages.csv","ff3dadca0093e5ca25e4b3e3336c1f50c68c8567728430d0b6c5312650e72bf1"
"raw_csv","data_raw/csv/MatchIt/lalonde.csv","a49703ca0233ba0a27fa9cda959a38a07f6825def0f7743cf2380ce4e57dd3ef"
"raw_csv","data_raw/csv/camerondata/fishing.csv","f9f97b66c23065ff11597e7c05cd2a65a53638fd8a13225b6efdcf994fd671f7"
"raw_csv","data_raw/csv/camerondata/incpanel.csv","217ab5b99692b92ec712a1034920629e3c5ccc5b80a6155151e4a897e6adb2ac"
"raw_csv","data_raw/csv/camerondata/jobless.csv","7acedaf6bd4e33aa7c739a3af31b5a96e459bc73ee675f13978ffb69316c80fa"
"raw_csv","data_raw/csv/camerondata/laborpanel.csv","156f8fc0c87cfd004a1987b0e90c21f0d0886ae29dd83b18c55c4c0f28aca8de"
"raw_csv","data_raw/csv/camerondata/laborpanelprec.csv","8b98d0dcdafc5b1c2c9d84a2e4879cab8e3ebbe99b3b6aa821f158cc85e1f7f3"
"raw_csv","data_raw/csv/camerondata/nswproject.csv","34b7cf4dc36a5ba29f79420586d37c85443e512c72e7621de3a4b6bb348e02de"
"raw_csv","data_raw/csv/camerondata/patentsrd.csv","343759c588905cb8bc54f80d16d30153f20eb95e9d389fa273790fedcbb8c178"
"raw_csv","data_raw/csv/camerondata/randhealth.csv","d493c2dec910f99ba632b359cfd4a1a1d578d3a1014befa8f4ef5c9b51dcd7fc"
"raw_csv","data_raw/csv/camerondata/schooling.csv","9621020180249b35e1b84c972ef63c11a20d4bba951ef1c42e5768af25985478"
"raw_csv","data_raw/csv/camerondata/vietnam_hh.csv","cdecec5b89a50516bb85bf37a93589527b257a52eb06c1c5a90ce9cffeb1c7b5"
"raw_csv","data_raw/csv/camerondata/vietnam_ind.csv","7731da986b842e5d7ac63f498dbeef5315044a9671b084e413a77c84e5b52706"
"raw_csv","data_raw/csv/camerondata/vietnamlss.csv","44ef1547b43a23207ff673921b7554582a45ccfa83cdffdbf2418cb2c8cc7dae"
"raw_csv","data_raw/csv/causaldata/Mroz.csv","bf5c543c2fd16f7d8bfbc2ac2fedf47e4edde9cca6ce54e7210fe255dd477ec4"
"raw_csv","data_raw/csv/causaldata/abortion.csv","d44cbf019647e7699993f7a03113162b1539ced4df2b95c93da6a3210b23982d"
"raw_csv","data_raw/csv/causaldata/adult_services.csv","19488c61c647721c9e0a4429f1c560e5fb4a7c32f24c89c222be7a1a1f26976b"
"raw_csv","data_raw/csv/causaldata/auto.csv","0e22a672152af5186d55e3cd63111eaa3180c17ee944b3b396b4b0e80969c214"
"raw_csv","data_raw/csv/causaldata/black_politicians.csv","31866ccb1166048827c72f924ff5da6af01a2828f458f618ee7ce34b6e359d0d"
"raw_csv","data_raw/csv/causaldata/castle.csv","968835273bec489fe26836b575ee99a7637d42f229622296701758e6c463cd40"
"raw_csv","data_raw/csv/causaldata/ccdrug.csv","639a8e4f106bdfb9a72511bfad748bfb9ad8c271861aa5c383e718b50032e822"
"raw_csv","data_raw/csv/causaldata/close_college.csv","4889237dbcde9f22bb09573ee698f2949810a602702b5f0b8284bd386ea01a5f"
"raw_csv","data_raw/csv/causaldata/close_elections_lmb.csv","58cf9d8ef80b2871a96c00844fae975051a5aac443dff3d317fe92ffd6a516b7"
"raw_csv","data_raw/csv/causaldata/cps_mixtape.csv","e357e728bfefa729ff880377aca072aa01563a4b412d956dcf70f2539446cdf5"
"raw_csv","data_raw/csv/causaldata/credit_cards.csv","204c8a9e6eccd99964074adc52065033d303cd1ace0df633c760dac176a81327"
"raw_csv","data_raw/csv/causaldata/gapminder.csv","787a909f89c853d2b6ea02106c4e0d8f3f7f0f992ba36149af41c6b31817e425"
"raw_csv","data_raw/csv/causaldata/gov_transfers.csv","51312ecd5b3cb22b5dc027966a81e0a8579f24a708ce4b476674fc527652ebd0"
"raw_csv","data_raw/csv/causaldata/mortgages.csv","3001d3ffea8b5a298fc786a296a65875fcba2ca78d62e6bb14464ee83abe1871"
"raw_csv","data_raw/csv/causaldata/nhefs.csv","c28e1a9c337de4ac0a1dd31468e445b19ff4e73efc99bc030ff574cc3afcd739"
"raw_csv","data_raw/csv/causaldata/nhefs_complete.csv","e29d98d35265a96e17793449434ea37a690507885be91b5ca676d8289aae612d"
"raw_csv","data_raw/csv/causaldata/nsw_mixtape.csv","72efd333a4b94a2bee55149d3542021d0adde03201d010ebe971e3e863360cd6"
"raw_csv","data_raw/csv/causaldata/restaurant_inspections.csv","107a6678184fb42802e842a8e6ece3e38d3f44b7d97d114466a05577fba097b0"
"raw_csv","data_raw/csv/causaldata/scorecard.csv","15b35a077d543013f6ee9b356162470c3c6c1e77e575484c811498fa99e0896f"
"raw_csv","data_raw/csv/causaldata/social_insure.csv","bc7cc83701baa8067d3ef3ebd89e3ed3cc5332eda0dabc50d3a16ef635928c92"
"raw_csv","data_raw/csv/causaldata/texas.csv","c7f14c933075ea4a9dd62dd9e207d08ed177a96b3083a1654729c85721d7b711"
"raw_csv","data_raw/csv/causaldata/thornton_hiv.csv","02f6ddae15abbd80aa9f56872a922cca4bcbba4ea0af1eac5fcce062df079522"
"raw_csv","data_raw/csv/causaldata/titanic.csv","2c56b2b1084306baaff06241833edec874b6b6452dd5077bc52231e35c40e65b"
"raw_csv","data_raw/csv/causaldata/yule.csv","ef1afd920b8b36f3490a3f46521202ff4943d54765ebc20cf2a63007f8ca600c"
"raw_csv","data_raw/csv/collegeScorecard/school.csv","a3b380c6ca3f5a77a74300bdc18708d00849105ecce4dcbf2545fdcd6b89c5df"
"raw_csv","data_raw/csv/collegeScorecard/scorecard.csv","6c60e00ac5a8b191914446aaced8ad46cb85963b7eeb569e95f746e480649d2f"
"raw_csv","data_raw/csv/crimedatasets/Boston_df.csv","654ae93c04416defb2b3752951a7f4357d5951c84c02371b80b48a4492337f86"
"raw_csv","data_raw/csv/crimedatasets/CyberSecurityBreaches_df.csv","72e3f72a7558ae59a24a2eb8b524e8b4a4f5ff2e42333ee8472a5cba2f6adbe1"
"raw_csv","data_raw/csv/crimedatasets/DrunkDST_tbl_df.csv","ffd3ba190fc28752cb882a5426be8cf12069a1a5d85979224fb39bb49de716b5"
"raw_csv","data_raw/csv/crimedatasets/FBICriminal_tbl_df.csv","c9ac350313fbfda63cd0496c07d2deb4d5156f2a142b8183443918b2788486e9"
"raw_csv","data_raw/csv/crimedatasets/Fatality_df.csv","989b1c5e7bff990d31172a319d7ba1390d1ea7490561db67e4b773d47fc2941b"
"raw_csv","data_raw/csv/crimedatasets/Hartnagel_df.csv","7aca46e504cab349972d539e3b1f04db3474abfc2a9638c14089ebcd74f131aa"
"raw_csv","data_raw/csv/crimedatasets/NCAdata_tbl_df.csv","8d14df52cb68f631087bc415bde69279c003cd5fd5f364f8343ff208bf566586"
"raw_csv","data_raw/csv/crimedatasets/NVCAdata_tbl_df.csv","7a7e52b279dbe9b835b7aa0efe0a53d5600ec79b5af1655a61a398fc100523ba"
"raw_csv","data_raw/csv/crimedatasets/Ndrangheta_list.csv","29cc39c765d446bb7e39b28c87654b18acacceeffe4055fbde73cff1e1e82ead"
"raw_csv","data_raw/csv/crimedatasets/NigeriaTerrorism_df.csv","1c6190f254628feb96e8c6bf2e416c8d1e4e2d71a8fe941ef4785ba6c35db7b7"
"raw_csv","data_raw/csv/crimedatasets/Suicide_Germany_df.csv","f16e99286ac0e546ed15e2a7cc103d2ba12e485bc92eca1a6bf619f3b9f7d9e5"
"raw_csv","data_raw/csv/crimedatasets/USArrests_df.csv","30e78bf58b16929f71f84435580d0aa67910d56a08360dfb5c7b22e0c65d6eba"
"raw_csv","data_raw/csv/crimedatasets/USJudgeRatings_df.csv","2e0ce4f8e26d41eafb90713582651c46819845377b649d4480de22b579bc9d73"
"raw_csv","data_raw/csv/crimedatasets/UScrime_df.csv","b4ab0338a2f9cf40bfd7db1b76562fb4a88747ee352be52d204af6fb2d10fd36"
"raw_csv","data_raw/csv/crimedatasets/UScrimerates_tbl_df.csv","9c57ce7652290f3abc852cc52315487add04f9076cff9206e20c6b4f082575a0"
"raw_csv","data_raw/csv/crimedatasets/USincarcerations_df.csv","ffd65221e4496b70a578e3b0607173a5808978f0e9048802dab054e9bae0da02"
"raw_csv","data_raw/csv/crimedatasets/camden_crimes_df.csv","509348788f779a443f6767d393ee3c4b03915c57642197f774f776d8b0cc20c0"
"raw_csv","data_raw/csv/crimedatasets/crimOffenders_df.csv","4851da095d9a87e509291c56d85ca866315fa3347b7d03e42d0ed5ede876eafc"
"raw_csv","data_raw/csv/crimedatasets/crimestatewide_tbl_df.csv","eedb8fd27e6c14f6b5d5e723621cbf21ecfc8181a30c54f2500f49f55b2d2c2c"
"raw_csv","data_raw/csv/crimedatasets/fraudulent_df.csv","a8ec1e4c1c5f49cf031a8663cec873336ef28b7dbe491e4b751ae823014d24fb"
"raw_csv","data_raw/csv/crimedatasets/hate_crimes_tbl_df.csv","9b3aa5985ac8f5065788000dec0dfe90690cbc1906c216699bc298604789e4f0"
"raw_csv","data_raw/csv/crimedatasets/homicides15_tbl_df.csv","bd2f6bd5b2c2a8d12aa883e820e99e8e26dd352e4005e56afabd4e88bd218326"
"raw_csv","data_raw/csv/crimedatasets/police_shootings_tbl_df.csv","ebabb045b0914547988847f902648ddaba4163259f3e85770b90f9f55e2f515c"
"raw_csv","data_raw/csv/crimedatasets/uk_serial_df.csv","2b488ee3d043fdeff57961c7b67d09da9ddad40da28fb38222d2e4c475f2930a"
"raw_csv","data_raw/csv/crimedatasets/vehiclethefts_tbl_df.csv","70e7167d6d82539bd7a20f045c9d20452f18f8236a7345a47e346c367a8da210"
"raw_csv","data_raw/csv/educationR/Bigten_tbl_df.csv","7d5d98f8cd95022136d8968832d06fafcd4ea73572bc7e219fe6c3a6b05e52f4"
"raw_csv","data_raw/csv/educationR/Mathpro_tbl_df.csv","0eee625ad8637063d4038b31188dc828c0e44dddb9f56bde1029e45e1d26dd50"
"raw_csv","data_raw/csv/educationR/absenteeism_tbl_df.csv","1b5b36fe5662171a1e3f7e34c894216eb5a1b4220d3bc820cee0538b3b549b80"
"raw_csv","data_raw/csv/educationR/gifted_tbl_df.csv","ad95678075e02fd0c95921fc927233e2fa91449ab1d84b612c0ce825e8f66583"
"raw_csv","data_raw/csv/educationR/gpa_tbl_df.csv","ba62dd182fa24dd74261d8a8a9730f09ab98c803d7720fe550f58dfca37ae293"
"raw_csv","data_raw/csv/experimentr/balcells.csv","1eeb725b7f6d2f4f17bc9d95cda78c2ec3dce50c45ac5c3d82898046d1a538a3"
"raw_csv","data_raw/csv/experimentr/barber.csv","702abfaba135442c025d99aff0d8452ce408a732d06c61f0e95c332a739a9de2"
"raw_csv","data_raw/csv/experimentr/batteries.csv","1887b116b7f910d5d907a0caa8814503573eb5e2e2df6f2b5b7a69deea79b88b"
"raw_csv","data_raw/csv/experimentr/bruneau.csv","0cde34ec1c63eb071427c03fc58ba1f855c33b23bcae7ead9fce17d45a22c4a3"
"raw_csv","data_raw/csv/experimentr/easton.csv","c450d606756793f44abe1c2fbfb83bb7bc70220c47568eea67ebea1da9817d53"
"raw_csv","data_raw/csv/experimentr/frijters.csv","ea7f1baf0d629298138034e610f94c0beca7c04a8164d10cc9b60f6d13f3c58a"
"raw_csv","data_raw/csv/experimentr/lynn.csv","68ced957e12a0971407f42dedb767b9d9091c2a634574a40b59fe3e20b8c3aa1"
"raw_csv","data_raw/csv/experimentr/mcgrath.csv","f055b584079c17a37a3fe6784e077fee495d4c9377e6b93c5349c45de26bdb74"
"raw_csv","data_raw/csv/experimentr/murrar.csv","a1f63cba9158363030896644c83a4d6694710e623d3b9e9a5c02825832b8d307"
"raw_csv","data_raw/csv/experimentr/wrenlewis.csv","e99c90c2e3d7d36e29dcf15ba0f74701dfb59874ce8b180fed52e572b5d0ec1f"
"raw_csv","data_raw/csv/gapminder/gapminder.csv","787a909f89c853d2b6ea02106c4e0d8f3f7f0f992ba36149af41c6b31817e425"
"raw_csv","data_raw/csv/gapminder/gapminder_unfiltered.csv","604d2797c1b94997ba7751370e57d2a39b7f0fc8e1aa4c7c3b518f2d5503dfaf"
"raw_csv","data_raw/csv/mediation/CEDdata.csv","a5c94d1d5f82f367fd08c2198da004c26fc7869ef486eed7862693846901ab56"
"raw_csv","data_raw/csv/mediation/boundsdata.csv","09bd55c51d52b592a3999fa4cffb74abf8ad32ae076e23b2c47f5ed7b646730d"
"raw_csv","data_raw/csv/mediation/framing.csv","15afc45d23909f5f733f68be4dba4dd9b73d37dc427661f230f8ca2a63fc23bb"
"raw_csv","data_raw/csv/mediation/jobs.csv","88d5cce12930f3d111597cf15b7c0cd3e7fa7f316f718de7024e147b9756fb9f"
"raw_csv","data_raw/csv/mediation/school.csv","50ccaa9d59f16adae1b73e1add0f60ad67b15a0cf44cea3c77a7537ddcbf8fb6"
"raw_csv","data_raw/csv/mlmRev/Chem97.csv","3a8379992f43dab30bbb1631f63a7fc406f7356d4cb2f35c73c850704b484dcc"
"raw_csv","data_raw/csv/mlmRev/Contraception.csv","dd76de5f4f1fb57081b01ef0f81581cd928ad545d13feb8bf7d337d71e690034"
"raw_csv","data_raw/csv/mlmRev/Early.csv","222fa047aed2b5173212ac7979b772980d4496d48fa22c2e0a1b3b97ad103b97"
"raw_csv","data_raw/csv/mlmRev/Exam.csv","9c87dc2a85401f0589bdb1c1e95049bd86648f80ab00c73b388f6b7079e711ac"
"raw_csv","data_raw/csv/mlmRev/Gcsemv.csv","19be587e2f03986e711f9be5dca9771496989c900b93bf11ae210eb3261b0f6e"
"raw_csv","data_raw/csv/mlmRev/Hsb82.csv","d820cf853af77e3163ffb828361defb25ac005f0074703c61fd35cad5cbd6b37"
"raw_csv","data_raw/csv/mlmRev/Mmmec.csv","a91c3a32eefaf7c3117956783db9ee4bef38c03c70578c5d56da615739ddb01a"
"raw_csv","data_raw/csv/mlmRev/ScotsSec.csv","dd6d41b25a829dfd8bf194f786b90caa671db05609ee886c63eb64de5f390b6f"
"raw_csv","data_raw/csv/mlmRev/bdf.csv","72bea64ea2a06d08c554aea4ff794fb5e9db2b4579a4f729203278a4d922eec6"
"raw_csv","data_raw/csv/mlmRev/egsingle.csv","8015a2222197dfdaab6bae8f6c45f3a12679a2829f55b5aee19a8e6a7faa6462"
"raw_csv","data_raw/csv/mlmRev/guImmun.csv","1b9a2f7cb7b674609430c88edd6a8cd89cd872dbdc28686c156b82061b000998"
"raw_csv","data_raw/csv/mlmRev/guPrenat.csv","66a5e9473f78cb3e848f5f0fe32dbc2ec9bab1bdef519d200151993bf272789e"
"raw_csv","data_raw/csv/mlmRev/s3bbx.csv","1161c68f453dfe72bc48f09c0728163c58160ba26c2b2191bcecdf43a419c95a"
"raw_csv","data_raw/csv/mlmRev/star.csv","27f0eb3d2d260ba15d27d8bcc750323e1b4a94b98f5155e347d6c74e489a5875"
"raw_csv","data_raw/csv/plm/Cigar.csv","ca583b833774d70c7d14c42bfe23c43fcfb74c77bda326bf54509fc57002241b"
"raw_csv","data_raw/csv/plm/Crime.csv","6d58659daed16ebccf18c3cd8ff60771ac9adae82b2c1ee7609c49bbb1bb9053"
"raw_csv","data_raw/csv/plm/EmplUK.csv","4c5b5c875cb58d50b81387ffdbfc367b678a4c2d6572c8e92a8f1fa2f2fe04a4"
"raw_csv","data_raw/csv/plm/Gasoline.csv","0e3282c26c12dd9fb814c8735857785df83cf5389871b0faa998dc1815c2ba3a"
"raw_csv","data_raw/csv/plm/Grunfeld.csv","12ff1bcf9491d2349115203f3bb7212c158754051ab180a814585d8656458204"
"raw_csv","data_raw/csv/plm/Hedonic.csv","122cafb72b426c3264ee4f6eaf4316e8a670aaaf99d9cc9181b08a86772fb16c"
"raw_csv","data_raw/csv/plm/LaborSupply.csv","cce2922cef1f4f3977b9ce315b35a9c3317e53092d0fc0c85680b548fd68e9a1"
"raw_csv","data_raw/csv/plm/Males.csv","6c5b4e88be3d4c3d6d31fa0bc22838b2c0c8825a67a301255af388a0c77024f7"
"raw_csv","data_raw/csv/plm/Parity.csv","70eef87a5e334b4e2647f4c0398f79320b4bb2adaf46dd902c5a662186be7eb2"
"raw_csv","data_raw/csv/plm/Produc.csv","c32f302e697f36e9c2c750a6e210366396ba60f24301448d11ade569a3ec483c"
"raw_csv","data_raw/csv/plm/RiceFarms.csv","c5b33303b1214ac3e42094c6d0266d44f0761be5627366252b64ee32876be829"
"raw_csv","data_raw/csv/plm/Snmesp.csv","84589aa8ca58662c191a1b105b648f7208d36b4d9a144e9aed2c38c3304050e3"
"raw_csv","data_raw/csv/plm/SumHes.csv","c4196e8083d474bad9c63fa4ee285db1aa23e1dc848d2d88b049dbb63beba3ab"
"raw_csv","data_raw/csv/plm/Wages.csv","abe2c57bbd05fda31e80de7670e4302484272124657ecfc69b0e96997653b362"
"raw_csv","data_raw/csv/pscl/AustralianElectionPolling.csv","ea7052fb7c9bf7f521485ad9cf8b06f5b0bbc3da800f9b391eb858442f51de8c"
"raw_csv","data_raw/csv/pscl/RockTheVote.csv","1281dab15dd01905096947e4495a4a342ca7e8654b0b613deeade923fc94eca4"
"raw_csv","data_raw/csv/pscl/UKHouseOfCommons.csv","513c06e361707935a9aa6766d19a19a753926c2b791ce93cb317c3fab613fbf5"
"raw_csv","data_raw/csv/pscl/admit.csv","1e8217c8816aaf40616c85b6d9a93fbda001944cca6c0016c64adebe66fe9093"
"raw_csv","data_raw/csv/pscl/bioChemists.csv","cbb563e1191d757cfb0fca37d8f6f2d2b629a7ba1c262cd8085d7353515c9c02"
"raw_csv","data_raw/csv/pscl/ca2006.csv","a302ed5cd9d319ccb563b776f7ab96048f059b01f3b0a515f213b54a950b624e"
"raw_csv","data_raw/csv/pscl/iraqVote.csv","bafd78f5df0b8acf0a4fd3df9caba23edc9843b1d4dd7987613407306fe9e234"
"raw_csv","data_raw/csv/pscl/politicalInformation.csv","0f4455d55164a82f44da4a67b80624695bfa3a43a1213c11c6c2e15652e7253e"
"raw_csv","data_raw/csv/pscl/presidentialElections.csv","ca94c59fd590f3981cd08c15444cc642926aa2cb9207e4bd68fdcbc06dbfb594"
"raw_csv","data_raw/csv/pscl/vote92.csv","afde9c5123d0a5054b180e8a520dde42ccfdef0083e24375586016487c176a5a"
"raw_csv","data_raw/csv/psych/Garcia.csv","c348699e39bf36e40ceee76a7f9ae6e39a7313682e7e94436ab6f01ff9c3424b"
"raw_csv","data_raw/csv/psych/Tal.Or.csv","0ed07116a2e5e863d3875843f48841edca12553d4c5809710a1b13f1623374a7"
"raw_csv","data_raw/csv/psych/Tal_Or.csv","0ed07116a2e5e863d3875843f48841edca12553d4c5809710a1b13f1623374a7"
"raw_csv","data_raw/csv/psych/bfi.csv","68ae71a96c2157b0c49b8d8f8ccaee1292f5e92adce9a3f202fdc7efac883dc9"
"raw_csv","data_raw/csv/psych/bock.table.csv","20a9f48fc57d73897166e1413d6521685dbc196ec6b3e8158b00c70b88b78409"
"raw_csv","data_raw/csv/psych/lsat6.csv","2912afd22a32770c3eebd55172f508c187aac0b728ac60adcf175d63c3e4c445"
"raw_csv","data_raw/csv/psych/lsat7.csv","ad98d4048d5a119e82e77a9b8dbe91580e9606596afe625d9fdb438e310f6330"
"raw_csv","data_raw/csv/psych/sat.act.csv","06fb2589849842bf5ef20efa0306476b8ab2fabce2ff0fdb97a0d0021959955d"
"raw_csv","data_raw/csv/psych/small.msq.csv","96c5663a314442c0481c82097d5c13f5a3ec943db010a3bee307051b32f0a7e4"
"raw_csv","data_raw/csv/sampleSelection/Mroz87.csv","c37436f8fb82b5217c44c8b823a1bfb32f2f21096eca3b760e409ba8279d0648"
"raw_csv","data_raw/csv/sampleSelection/RandHIE.csv","ee37d1f769532423dcf790ef9e0f0cdd9415d041706e44b5c011dde8e5896d27"
"raw_csv","data_raw/csv/sampleSelection/Smoke.csv","e255e1841a09764038d468eb357910c4025122835ffd968f6058944e3e589075"
"raw_csv","data_raw/csv/sampleSelection/nlswork.csv","cb1c743d76b2e24395be9641d368634a965070dfc803a0f5ae40204ed6422854"
"raw_csv","data_raw/csv/sem/Bollen.csv","81caf00409dbb76c9e81a5ec12866d76faa86dc0eb050832d85fd7ce7e452600"
"raw_csv","data_raw/csv/sem/HS.data.csv","8bfa14d52131ccddde6b13d9a40adbebd6f2702de0cca9ee43ecb3d6a7335a64"
"raw_csv","data_raw/csv/sem/Tests.csv","be931d0307c19925a0ada500e0a7df7d2223d93cc908a2851ceb774918ec2f92"
"raw_csv","data_raw/csv/stevedata/AJR5.csv","b07ebc6dbf7ab2e56df34efb0390a0f79639319339fa73450e141666ca7ae447"
"raw_csv","data_raw/csv/stevedata/Arca.csv","73c181e17e662f4727d0d1d804939ccc628d8e9d6d5502b1e96c45c4bb4f4069"
"raw_csv","data_raw/csv/stevedata/CFT15.csv","1112e7e9dc3f8372babfb956159e648bafd3699bea57bf7f167414d80a6d9002"
"raw_csv","data_raw/csv/stevedata/CP77.csv","4df71be2dfed7078ede72f9d4ad55c178f800424f0ac1cf85ee9361f21514660"
"raw_csv","data_raw/csv/stevedata/DAPO.csv","e8d56336bb60a83fa1efaca11abc437d8d8e6d2113ea2141a57a172c68e0dd20"
"raw_csv","data_raw/csv/stevedata/DCE12.csv","ea607ea2c9fba3a9a4ab40a883c9ce3ce84228b361067950957850da72d6df8c"
"raw_csv","data_raw/csv/stevedata/DST.csv","ffd3ba190fc28752cb882a5426be8cf12069a1a5d85979224fb39bb49de716b5"
"raw_csv","data_raw/csv/stevedata/Dee04.csv","a191d55dee15bfa6e390d4c8018bbcba26f14864b039eebf045c4b893557f812"
"raw_csv","data_raw/csv/stevedata/EBJ.csv","6f148b9ac6d165959c934aab0c29329172ed0f4f9c0fefeb7a3dbfe36b29c7a0"
"raw_csv","data_raw/csv/stevedata/ESS10NO.csv","bcfe9aa6219fe42bd4f981b3375783c46cc7922a2c79f1a21e24b8372791c6c6"
"raw_csv","data_raw/csv/stevedata/ESS9GB.csv","8663d7e33c6e2c3e2a5eef8515f6e08cf1d48a9be4def3537fce2dd65a21f2d8"
"raw_csv","data_raw/csv/stevedata/ESSBE5.csv","55c07bd3b6131051810d00b8029d688d720ec3c6fc497a6a222e32123ef342fb"
"raw_csv","data_raw/csv/stevedata/GHR04.csv","1cf384b3503772836df8b0c6c71a798a13e4720b277cb8cda65782615a7a9128"
"raw_csv","data_raw/csv/stevedata/Guber99.csv","81b18de1dd6e3f5dfe2937753736f0c08533ef9b65329e6af6a0a449e181e376"
"raw_csv","data_raw/csv/stevedata/Lipset59.csv","267171fd6e08793f374d8284813202cd38cbab60969ae21021e758efb204b46a"
"raw_csv","data_raw/csv/stevedata/ODGI.csv","9f942d18caef1047758b3f5fd09de0c16fa9731324192d8c7a58988011bf22a9"
"raw_csv","data_raw/csv/stevedata/OODTPT.csv","239675f0957b904bd48ac34eaa33806dde3a52ee5675b43064213b86909ec3cc"
"raw_csv","data_raw/csv/stevedata/PPGE.csv","e0d14ce85e53439d9fcd4ae9f644cd57ce041d3b29f2fbc4082872c068e9279d"
"raw_csv","data_raw/csv/stevedata/PRDEG.csv","c75b51a77c9978e6c8adcd05ea57f4173ff687eb1836b519d65c63b6992f918b"
"raw_csv","data_raw/csv/stevedata/Russett64.csv","5842c5718682302ca38534a3c193c9b8096dde24887c74d7d92d315e11c743cc"
"raw_csv","data_raw/csv/stevedata/SCP16.csv","fdbe46649652e6718dd08b4932c3d5c607da20cc7b50dee7097ccd3482ec4219"
"raw_csv","data_raw/csv/stevedata/TV16.csv","48fa8f7082177787c664731a1dfd6b50f0c29daadef2ba4baa71b30e8b6e2349"
"raw_csv","data_raw/csv/stevedata/USFAHR.csv","9dc2a42f5ca63d29351f992b7c4c3fc38c08fd8e142f5e13b02d93f336a92bca"
"raw_csv","data_raw/csv/stevedata/Weede84.csv","02ce57a59e9db26c8ede709b51c7894d2f9356606d4b9fb6bb7895b175c6332b"
"raw_csv","data_raw/csv/stevedata/af_crime93.csv","6fa125bb2c34f4307dc2f460f162a835846541ab7e49f58b66a1efd33f6b456b"
"raw_csv","data_raw/csv/stevedata/african_coups.csv","2d1c59df096551b20967a693af6c5f9ab44c7b95a75c6d10d253b54b73b60567"
"raw_csv","data_raw/csv/stevedata/anes_partytherms.csv","2ec07ab342aeebadc782f26f6732602432cfed713211ae2e0c78c015f9051a84"
"raw_csv","data_raw/csv/stevedata/anes_prochoice.csv","0dd2b0a52c19d480ec085340b9fb2f22ec1c14007bd9cf7d7d8b6859fca88357"
"raw_csv","data_raw/csv/stevedata/anes_vote84.csv","c3506b72d976d2fda13631c78b220d19a2a16bfb546d84969f5446ad10cc23cb"
"raw_csv","data_raw/csv/stevedata/arcticseaice.csv","d8d250931137efe8973c8a56aa72198cbc9bd8c6cc9d6b997f266ac6274bd811"
"raw_csv","data_raw/csv/stevedata/asn_stats.csv","2c9d3a7083fe6709140f1f927793c4625336a848bbd49bcad5ff28caae8f204c"
"raw_csv","data_raw/csv/stevedata/chile88.csv","ea57c06782ea446ef483a7c883b6c4abbd4661c1359bdc9ba5c18f332ee43aaa"
"raw_csv","data_raw/csv/stevedata/china_peace.csv","f015cf1472fe3a36748664b3802025a3fd21df00407ea56745f9ce5927630d54"
"raw_csv","data_raw/csv/stevedata/coffee_imports.csv","9ba66b47f8c6901d77c41fec3da1462696758d93a219b85cd11c78c85afc2a1d"
"raw_csv","data_raw/csv/stevedata/commodity_prices.csv","a6a2323ef5930699a266f023e5b792bc8a2eadfad0b160758fb1d87cb1c813b8"
"raw_csv","data_raw/csv/stevedata/election_turnout.csv","aa8e38f0d09d5e89719be12d030aee4963f2f25812921133e1bdb610e6ca3905"
"raw_csv","data_raw/csv/stevedata/eq_passengercars.csv","156b2be51599ac4c16867ce8b6366c3419b66945c1df7faf7d95e1649feac086"
"raw_csv","data_raw/csv/stevedata/gas_demand.csv","8a9113f308d37307d6d98d12ffe5f923ca03286c055c8e7fd0048dd26f02208a"
"raw_csv","data_raw/csv/stevedata/gss_abortion.csv","5bf5e8df84f9dcab6570693f90d22fdf4b456e845cb4057823e1b7bb4bb88c4a"
"raw_csv","data_raw/csv/stevedata/gss_spending.csv","57da6a879ad4330e4ee51860abc9ebb8027814631fc9fa4aa501eaac226d39fc"
"raw_csv","data_raw/csv/stevedata/gss_wages.csv","958f8f24bc84d34cda32cd8ecaac89191078b0d8af2c617397e93319880e8704"
"raw_csv","data_raw/csv/stevedata/illiteracy30.csv","3394fc6bb0ef6e72d08f275627eddaf51e53db2d9405b00cb8f951e5b9f07db8"
"raw_csv","data_raw/csv/stevedata/inglehart03.csv","0d27ad90c1217f1f1ddef7709e67ecb6171aac5ed964fd0e1ebd0dedb64036be"
"raw_csv","data_raw/csv/stevedata/mm_mlda.csv","3d792121a82a0b685d38186631603b1e4ebf291372deea902a796949c556cf5b"
"raw_csv","data_raw/csv/stevedata/mm_nhis.csv","1ce036e4294d46ed31f75645c6b0945550604fe4ea36fb86141f8c4fac8fe080"
"raw_csv","data_raw/csv/stevedata/mmb_war.csv","060675c7c8ee2bbc1f09cdb6a4366627b4764d7b8e9331104353db8293c3cfaf"
"raw_csv","data_raw/csv/stevedata/nesarc_drinkspd.csv","daf57c7502c389b9d146ca3d46b047f7aa59c8c7c58d7445c7d967a608675fd0"
"raw_csv","data_raw/csv/stevedata/postcol_growth.csv","a7c8dd40154ec17ad7d7cc16f9bbf44fd945f003f1768e9d1cf4a81553439715"
"raw_csv","data_raw/csv/stevedata/pwt_sample.csv","806c70aa64f4b93b37dc5791e5c985da170afeb208d76c15ba520eeb0278979f"
"raw_csv","data_raw/csv/stevedata/recessions.csv","8fc2b39acecb6a92541f3447ffa6a8f3cb0faa457351db527f20995f4ed4c4a8"
"raw_csv","data_raw/csv/stevedata/rok_unga.csv","7f8abf03081033b15d13b96f3aa53e0a0d3b22f63cc52ef4d2f7bba94b92737a"
"raw_csv","data_raw/csv/stevedata/sealevels.csv","d6e2b1e899a068055bfdc02d104f73c0f0968a438fef1620bd63a4b94bc5e6f4"
"raw_csv","data_raw/csv/stevedata/so2concentrations.csv","da5c096dafdd850a5245c7e7a04ccf78afd960b86562e92bf7f1789f54ae9c5c"
"raw_csv","data_raw/csv/stevedata/states_war.csv","8219d3b08c95612dac8437913a81cbdfa9aea5916459cf29d4ead50ee7d97ea1"
"raw_csv","data_raw/csv/stevedata/thatcher_approval.csv","10f2f4507aa234099e0acc8cffd1f46c017921e71764a2acd7c1c2c40ae1bfc4"
"raw_csv","data_raw/csv/stevedata/usa_chn_gdp_forecasts.csv","ebdf27897da103db4967cc31458f3e3462c8483370d84833dc30ff6ca4728a90"
"raw_csv","data_raw/csv/stevedata/usa_migration.csv","ed2f852665aecc59e0ff7704a913a809463606faf2a042c4f26818494c9c65ba"
"raw_csv","data_raw/csv/stevedata/usa_tradegdp.csv","ac250b59ca1530d8008da74ef0fb8003ac56c7fa1d8e63dd318086d108221249"
"raw_csv","data_raw/csv/stevedata/voteincome.csv","ffa621401f3353a86faf48486d06d65658b1664a8e6862fa29d1e7db7d9ddbe5"
"raw_csv","data_raw/csv/stevedata/wbd_example.csv","c47e1b0b196b21576ffcbc1c1dc1d8d926ce6d67861e81acf205c75999dda947"
"raw_csv","data_raw/csv/stevedata/wvs_immig.csv","ea50f9677e9a24b51c87a9d7c8c1d56b6b8230c60b390df444fd050e2b9d0673"
"raw_csv","data_raw/csv/stevedata/wvs_justifbribe.csv","d372827ab375d8a3ec1316371a20c1d0e4f31b3c366a542875c1fa71070674af"
"raw_csv","data_raw/csv/stevedata/wvs_usa_abortion.csv","c6c15570e289e26b5081fe1dfa6245003f19d0646205df12ad551b6eadbea363"
"raw_csv","data_raw/csv/stevedata/wvs_usa_educat.csv","23d5f3b771649f46d1e65ce8f78f3a00af3825ae7d837abb21bd918d949099cc"
"raw_csv","data_raw/csv/wooldridge/admnrev.csv","e82a537d8bff7e0e474331cee7293b44706e4c5a535630c3a074033094f26c35"
"raw_csv","data_raw/csv/wooldridge/affairs.csv","96b9f94640de706b76bc41b50fdd36745a03e80cb46ec6e3de75052c9b19b05c"
"raw_csv","data_raw/csv/wooldridge/airfare.csv","d4ba0cc4635eb39008ead593745049342fca2fc4f811a053da1512d22a8becb8"
"raw_csv","data_raw/csv/wooldridge/alcohol.csv","3a3ce4b9cfac6f3deaed0bd52a4188ab47d722dd38dc9960dda5b200cfaa7b1c"
"raw_csv","data_raw/csv/wooldridge/apple.csv","79a41f0b14caaa891bc7ce561e59c02c386b2e5ae8d2dcd1bfef47d6f8001e05"
"raw_csv","data_raw/csv/wooldridge/approval.csv","8517c02269042c86a51329ffb5ff96dc69258258a03a29c521aaba49be40d9e4"
"raw_csv","data_raw/csv/wooldridge/athlet1.csv","abaed8c0b7042bc1d5aed4acf25b44b284a75b5c475a5503103297765bc96ee6"
"raw_csv","data_raw/csv/wooldridge/athlet2.csv","86d8004872006fb8eff556be524d9c7b0b4d9866146c2c7242237f0e964d9e66"
"raw_csv","data_raw/csv/wooldridge/attend.csv","3347ebdc1cddb3ceaaca22f8150c4cf0c53820fe185022eea97d4db97fba52c5"
"raw_csv","data_raw/csv/wooldridge/audit.csv","150bc1ec519361e8cfad436562aa59998891a755ec2cb76762e7a511243816ea"
"raw_csv","data_raw/csv/wooldridge/barium.csv","8dd4896b111a2b2c975dc458da93693cd68f9db1755c0efae64d4e84a8810728"
"raw_csv","data_raw/csv/wooldridge/beauty.csv","95fc65c3adbd239f1d95f4f96afbd17f58f4169116c5da13ad9b6e7a0dc18c51"
"raw_csv","data_raw/csv/wooldridge/benefits.csv","31cf705df6b1ac7085c7d633053c902eb47c72371c8b0d9f981701a0919f83f5"
"raw_csv","data_raw/csv/wooldridge/beveridge.csv","74f9b62c3e7a412b53564eff2c794aa08c9e7586382e7d689b1265444200d0c6"
"raw_csv","data_raw/csv/wooldridge/big9salary.csv","b493312de9b10275a63376dfb96e2ed601c53c289dfa76ba6344b20ab6b5217b"
"raw_csv","data_raw/csv/wooldridge/bwght.csv","5ea2599c8c7ec1152dc8d72f84069c205ac657f153b28fea6e3b98f9ab974270"
"raw_csv","data_raw/csv/wooldridge/bwght2.csv","87b6b0a01259f5ca71ddbf5066efa05d2e834fda9a2d288768973f0d3c4cd554"
"raw_csv","data_raw/csv/wooldridge/campus.csv","e8b5b67c09aa827737be0fc1e53da9de1dcb6744c8e83637e6e6b759c0d65fe1"
"raw_csv","data_raw/csv/wooldridge/card.csv","326dad817467b20d51bdfd015033e3e3e313931f51f812c38c0776249e7fd711"
"raw_csv","data_raw/csv/wooldridge/catholic.csv","26f7523fe8fed6dd92d51a949703d8b2e606f99588806af08a44b7038d90127f"
"raw_csv","data_raw/csv/wooldridge/cement.csv","3bc446b429bfe3a710d449581bc04a9ba3e2acf55dd2aa227191f4055d83f276"
"raw_csv","data_raw/csv/wooldridge/census2000.csv","004c2c93b4078d6145612e622e4a37afeb3151e9bebbeffa641aa97be45bd04e"
"raw_csv","data_raw/csv/wooldridge/ceosal1.csv","6783965a700994bccc60c57e7788bb1fac98a137e5220b789ec846e037d1f708"
"raw_csv","data_raw/csv/wooldridge/ceosal2.csv","a8dc4ad0cd2062409d835e6c648ac99427f4da39abbb9549a9bd92df28eda42e"
"raw_csv","data_raw/csv/wooldridge/charity.csv","bbfae7854e82e9d8b17f316ecd1fcf19ea435c81ce1347861334fc5141ea5208"
"raw_csv","data_raw/csv/wooldridge/consump.csv","431f74c7fc81fdf374b3fbc3edd7908fa89087b9cd8f6ee122085ccdf473dae4"
"raw_csv","data_raw/csv/wooldridge/corn.csv","5b933e64f7726270d7aba0d9901e118c215183710da5b1f4d4114f3125ad5e8e"
"raw_csv","data_raw/csv/wooldridge/countymurders.csv","c3506e1a348b9f17d42020de5d3a39d6a9b012056492e570ca8ac7dd58240aa6"
"raw_csv","data_raw/csv/wooldridge/cps78_85.csv","8c54db5c5ee039f915e4d0446141f3ee2d23305aa6364ca6f9a759c513ecc45e"
"raw_csv","data_raw/csv/wooldridge/cps91.csv","dac897efc425a900dbf57a38b5c4c5aaafc705f6183765648cc233624d26619f"
"raw_csv","data_raw/csv/wooldridge/crime1.csv","f90eb0e8fa0b5fbd7c322f3c662863a1312dae90df85f1a8162bdb9fab8d6465"
"raw_csv","data_raw/csv/wooldridge/crime2.csv","b5321b853f677a73ba2218f712d0c2e46c33e4738cbb31b3509eac4c599ad46f"
"raw_csv","data_raw/csv/wooldridge/crime3.csv","f7b76ebb56938834d7431fa165448996d9e4964cdde6a5d57c017cead4c88b32"
"raw_csv","data_raw/csv/wooldridge/crime4.csv","19ab4e493d81b68862c95bed0ab684466165309dde4cd7f823298f8a8a8814a1"
"raw_csv","data_raw/csv/wooldridge/discrim.csv","d0ae0796e1ecad94b3f1aae88172a014b4f65e49c9848ef41772ef8df799841b"
"raw_csv","data_raw/csv/wooldridge/driving.csv","cb4f4b7944874211f34d62bbd1a0eac8299deb7f8c14c10ed5526945d5c1d9f5"
"raw_csv","data_raw/csv/wooldridge/earns.csv","078dc498e3ab4ef9ef0bf11d778d9c7ed0d43c5a905823f681a6bc56e558ad1a"
"raw_csv","data_raw/csv/wooldridge/econmath.csv","b2dd863e690222b3028220e35c25eee7efab8db54189595bf7be4715361e2f37"
"raw_csv","data_raw/csv/wooldridge/elem94_95.csv","c85c557ebff915f08b4427eb65be82ff0bf23779caab606091bfe03b41ee3bd7"
"raw_csv","data_raw/csv/wooldridge/engin.csv","de16be55179e451edb9f40def1643eaf9b3fd3889cbf297643d30d6cf0a6229f"
"raw_csv","data_raw/csv/wooldridge/expendshares.csv","30f101631d8edaf7c178832f92e30df2aadc5da1d21c3c1daddbea9aec7e74ab"
"raw_csv","data_raw/csv/wooldridge/ezanders.csv","c4fbd77f87e79e31cd6ddadfd143dadbd570cadfde31d2f8529de081024149ba"
"raw_csv","data_raw/csv/wooldridge/ezunem.csv","b87c63d10e296ee39f18a122745d06114f1372816034f86d13983934c0a66309"
"raw_csv","data_raw/csv/wooldridge/fertil1.csv","b75af2877648a1bdf60138b7b4cef9bea7f3d2dc9c568dfb26fd7a0b173de27d"
"raw_csv","data_raw/csv/wooldridge/fertil2.csv","14e664a0805c643272e6eb3d8b37a27e74fb1a619059a2e8fd743f9346b99e3a"
"raw_csv","data_raw/csv/wooldridge/fertil3.csv","659603741551065e0534a3850cdb8d6add17d239bcf95e053e5b40e2fcb7426a"
"raw_csv","data_raw/csv/wooldridge/fish.csv","fa51db236cb3f9e7040cdc50b002542bcbb3d51077132848d1960a996ec9b3c9"
"raw_csv","data_raw/csv/wooldridge/fringe.csv","b6296d4c803efbbf7f9c155620542d4034c429d2defd66f91086d86932f7ca61"
"raw_csv","data_raw/csv/wooldridge/gpa1.csv","f3c7c467bacafd100da39293ad15c55196c929759a15e37e5dbe8df6c52b05bf"
"raw_csv","data_raw/csv/wooldridge/gpa2.csv","808cf7af464281a930e647bfb3db277f8971363f2a899e0ecbcbe2363f0cae42"
"raw_csv","data_raw/csv/wooldridge/gpa3.csv","0270b1c9787f63dd3482209434ad66c813e33aa4bc7a1e8624509b3340f51def"
"raw_csv","data_raw/csv/wooldridge/happiness.csv","8d066950a078d1b91c4ed759086aee49242b83605a91e7c9e1d735c4c8140f4f"
"raw_csv","data_raw/csv/wooldridge/hprice1.csv","bfecc564d7275d1c43f266c259f997fc6f833143bfd8074f20be954adabd3084"
"raw_csv","data_raw/csv/wooldridge/hprice2.csv","1af869fe66a67ad0d95dbbecf3ae524848b6d827a1c95ee748a3b7e00d5a2a2a"
"raw_csv","data_raw/csv/wooldridge/hprice3.csv","1236bb70d0f9e5b28874d7f254a1de6cc5226f8f81ed8c93d6e2e40b1fac0d6d"
"raw_csv","data_raw/csv/wooldridge/hseinv.csv","d08f0f509d22e97f9c2e127241a889dbbb2967808bc77cbdf68e7130b3c5090e"
"raw_csv","data_raw/csv/wooldridge/htv.csv","8b6d2b3761f79ac5b740fb7f436b9edd4fe7d001ff7e3ec1d7af4af8fca8b923"
"raw_csv","data_raw/csv/wooldridge/infmrt.csv","8740c1496ce83f05f33eb4671c6c3fd0bc7bcbe6f0e8e3910a1d465b7f9538dc"
"raw_csv","data_raw/csv/wooldridge/injury.csv","4a8ff14a3ff757140262aa9352d20e349fa81dac65594b5105b584224538ce90"
"raw_csv","data_raw/csv/wooldridge/intdef.csv","b5e10a1311a03d6b8b502e3181ecdb183930dd7e073e099d90e21ecfdc752f75"
"raw_csv","data_raw/csv/wooldridge/intqrt.csv","af7d2e279cd68ea57df5a032a145114b7d355ab308335d0c65bca0f9f674f5f3"
"raw_csv","data_raw/csv/wooldridge/inven.csv","ef3107e1eecee93966f2446b4005c1b3ceb04542313954a091c9cddf9e8eecb8"
"raw_csv","data_raw/csv/wooldridge/jtrain.csv","2820079b04c953a3555a3722e4b14430bc9efedfd6870715a863717de8177383"
"raw_csv","data_raw/csv/wooldridge/jtrain2.csv","4e5416394a1ee08939ab9001dbc563c05fa0956757acf2976c857991fb845631"
"raw_csv","data_raw/csv/wooldridge/jtrain3.csv","7c96dddc73d58a72dedc5687bbdffe9bcd7b90c8a54d7305e4c2f5c08659b7b4"
"raw_csv","data_raw/csv/wooldridge/jtrain98.csv","a4c633779af45ba174b9788286d01b37594d5c11f083440463ac3167e3c76477"
"raw_csv","data_raw/csv/wooldridge/k401k.csv","620b7f78d158fffb0486ae134546350466a6fc46b7c14305f09ec96ba3f233ce"
"raw_csv","data_raw/csv/wooldridge/k401ksubs.csv","62128c8706a238eee9dfef75776fbf2b518f9d6ac0788a1f69ef1eb7ead8d78f"
"raw_csv","data_raw/csv/wooldridge/kielmc.csv","1ad63b59aff51c713725147032dd5803f3dbfc97163eabcde3b5f731ebbf03e0"
"raw_csv","data_raw/csv/wooldridge/labsup.csv","c3c8ba3e023bb59331f6a38dcb09755017255fa75ea6563a22e952a9ccfae032"
"raw_csv","data_raw/csv/wooldridge/lawsch85.csv","34edd7705c051fbdab4596c38a71c1d936ec00bc7071edfd3b53a3c442c56ac1"
"raw_csv","data_raw/csv/wooldridge/loanapp.csv","c87fe58a5bb802f5049a4bd58933731cb24ef978768661138feb7c2ea5b0060c"
"raw_csv","data_raw/csv/wooldridge/lowbrth.csv","3e2e94fa805d7ca1ef89afd8762fc82e39b2a6e15fdf14a7eafe12a9e67b16c4"
"raw_csv","data_raw/csv/wooldridge/mathpnl.csv","a6abe23f2db33a46cf1ed199691622c5d6cc99a5dd17831d5de3a20d4e493a47"
"raw_csv","data_raw/csv/wooldridge/meap00_01.csv","02d99873767d7bfb16847192c3bcce9c5a8aaae9814ddde8f9d5406ef3a235b3"
"raw_csv","data_raw/csv/wooldridge/meap01.csv","987f08175a91258bd7d1a9f83ab4d8b22f6319fda538638d6419950d6bdde872"
"raw_csv","data_raw/csv/wooldridge/meap93.csv","32f5414d2bf200f3a4364f6fe9c4b46b6c89a6e0ef5cde3b6bea27df9061da0a"
"raw_csv","data_raw/csv/wooldridge/meapsingle.csv","e69a16f994a9cc26ad2c6e0135124ea9e15ac61deb9563ecdc0fee7284286ede"
"raw_csv","data_raw/csv/wooldridge/minwage.csv","3d811451514cfa39bb9c4718a81782780483806a5e8c3e92b0417b7401ef9735"
"raw_csv","data_raw/csv/wooldridge/mlb1.csv","f5a0ab0aa161cc54210a39fa6236f34d9404f4a6aa6da9a03fbf4e1332359157"
"raw_csv","data_raw/csv/wooldridge/mroz.csv","bcfc04b6a87746b185ed972f1149c459cc1af5a6ff44443ce5dd004eb8204a78"
"raw_csv","data_raw/csv/wooldridge/murder.csv","9cd23f7d502fb0fd9b2c6826aa07a794cd2ef753daedd7e728387b83f14e8dca"
"raw_csv","data_raw/csv/wooldridge/nbasal.csv","15dffe28f32543a5988f7a5fad7152df7f0cf9325e27dac0f429e3328d17f9c1"
"raw_csv","data_raw/csv/wooldridge/ncaa_rpi.csv","74d63947a02457c7726d001ce25ac3cf23bfd6be1b66bc76af324602e9bffa67"
"raw_csv","data_raw/csv/wooldridge/nyse.csv","6ca5a372ccb8bad67eb1943a459f8ecf04606790c7de87c9fff2c99a964c89da"
"raw_csv","data_raw/csv/wooldridge/okun.csv","1e4749af8dbf41eb53116cbee6bd72d8e76548bba96de1a9b4862f433706e453"
"raw_csv","data_raw/csv/wooldridge/openness.csv","e200b47818fb31cb0a48182dcd09a62b8442c16f84d1c6429674cd815b884876"
"raw_csv","data_raw/csv/wooldridge/pension.csv","a35e9f9fc918b5cf38348fddcfce967d0a22dcbcf384f2b94ae2576b36b40bb6"
"raw_csv","data_raw/csv/wooldridge/phillips.csv","1012c4d5e70acf865c75e04c7e66047d39518170c866269e7bd8550862069f5e"
"raw_csv","data_raw/csv/wooldridge/pntsprd.csv","3e473868262199f41b01d20d9a70ca55b85b4fccef9edb90924d6e691f9482d5"
"raw_csv","data_raw/csv/wooldridge/prison.csv","19a9dc51d0d54edeb057c46637bb2d98b6adbd4f8da772b87d9f91c0549f9a95"
"raw_csv","data_raw/csv/wooldridge/prminwge.csv","36190631e3e9536207ebd834ea57bfbccd7632d18612e45d892ccf44bb248144"
"raw_csv","data_raw/csv/wooldridge/rdchem.csv","20811061cd9d9fce83e73668cb6c2631f293f723cc67c8b07f145592524681d7"
"raw_csv","data_raw/csv/wooldridge/recid.csv","c1dd8fe916fb3be5d7c7e276ba3bd191d742b5383896d45dff427c6d9613ba84"
"raw_csv","data_raw/csv/wooldridge/rental.csv","789c5520944c957f630f9f24896c33374b2c164d8c5f69fb34cc7ee19b243d12"
"raw_csv","data_raw/csv/wooldridge/return.csv","044cc314e62bd69a9536bf00502b6600b8016fae9ed5c83f6b591f267aee0d01"
"raw_csv","data_raw/csv/wooldridge/saving.csv","4ab031a37e917c743364f168c85a4c9cda12266c35336dc9d889a596d494e8bb"
"raw_csv","data_raw/csv/wooldridge/school93_98.csv","82918ff208678af8955fcba16bdf14e27451e1e74fd176e0ebb0db872b0ca850"
"raw_csv","data_raw/csv/wooldridge/sleep75.csv","883b53c589f1cc6971983b7b6defa76dc1df4acec641f3bda7317c09da5c118b"
"raw_csv","data_raw/csv/wooldridge/slp75_81.csv","d1292d084b19913415e194deeb792fd7e180b6296b46b3e7af9f9679359057fb"
"raw_csv","data_raw/csv/wooldridge/smoke.csv","683f7899c124e83f07d4e652af5c8d98054d959d14b14580d31145f48b3076ba"
"raw_csv","data_raw/csv/wooldridge/traffic1.csv","d98266f78a5f66a9f62525192d6ce926ed72149ab678c3c98220fed6d3f2675c"
"raw_csv","data_raw/csv/wooldridge/traffic2.csv","071558e67f003f5ab9ae463c6cf9fece1b8a0ce029ca474487cc4728065ef2ed"
"raw_csv","data_raw/csv/wooldridge/twoyear.csv","db62766cbe58d940eb194ee054c62486a233b82cf2945ca267248448e4c9a4e8"
"raw_csv","data_raw/csv/wooldridge/volat.csv","99b04ad8becc747e284856570012d6fdc4c680c0070b274bb0e2f241de03545d"
"raw_csv","data_raw/csv/wooldridge/vote1.csv","e7b9771ce552a411acadafd038b0091fade879cb20dfc5db48c9f34c7c7c8b0e"
"raw_csv","data_raw/csv/wooldridge/vote2.csv","177b091e5f628413e8b8f66b4deb87c7bf4c9d8d90a74a9d9c2ae84f609e738c"
"raw_csv","data_raw/csv/wooldridge/voucher.csv","d6b878f4043bdb3ec584352d8a4ecf1b7f481ad9e8eac44a5dd6c651efcc4546"
"raw_csv","data_raw/csv/wooldridge/wage1.csv","3c60871a79f29417895a164ef7f9ef284065357b216e6b478aa71e2bfd86f38c"
"raw_csv","data_raw/csv/wooldridge/wage2.csv","76c7040bee163386dd2c64b5654da587190b59f9dde6900ee1802cb8d5fa3a11"
"raw_csv","data_raw/csv/wooldridge/wagepan.csv","fde2f64a1ae7d153813cd679af2c6f4ce115767566a6751ce222f41a8efb9727"
"raw_csv","data_raw/csv/wooldridge/wageprc.csv","fb23f4c4040cba85daa698bf687194dbf6685a85fc75619eb14c21a3cb0120c2"
"description","data_raw/description/AER.DESCRIPTION","a59abc95755e562352e4001ee6bed55efa5679abc79e66f3fec2fad90412dfc7"
"description","data_raw/description/Ecdat.DESCRIPTION","3ef923dfcb962ca0413a19a8b300cfd92693d4e96fb8a5b55a7615a71ea09e3a"
"description","data_raw/description/HLMdiag.DESCRIPTION","3edd0d8ddb44bad5dfb076718c8bcdfcc4d6153685c120fd81e15b22633b129d"
"description","data_raw/description/MatchIt.DESCRIPTION","7785ae9aca08dc88261df5c83def37c35eeee561db96df9f183f3ce06d60e793"
"description","data_raw/description/camerondata.DESCRIPTION","d398e47e6e37e2333e6c67fde96c75493a7b562815f1763c6f87e417e97e284c"
"description","data_raw/description/causaldata.DESCRIPTION","54505b71304414cf3072a70de75a1a1e33667194b02eea98779a6d0a27d88ee4"
"description","data_raw/description/collegeScorecard.DESCRIPTION","25a4ff7dccaf5a5ee5d3be4b0879941447384f0143223dd448c18cf21046ecc4"
"description","data_raw/description/crimedatasets.DESCRIPTION","68582cd44d0a1c50cd798374ca074421ee7e9e1d0212ea6ca60865bbb8a17ff3"
"description","data_raw/description/educationR.DESCRIPTION","6d69a75bbd43dce94e021ba68bfa829280f7f4da7b7fa544c39cc9f106607f4c"
"description","data_raw/description/experimentr.DESCRIPTION","327fa06062ecb0c80fb06e4ca44a78a44714bdc1216368a908dae81a29037ad4"
"description","data_raw/description/gapminder.DESCRIPTION","ecfd8430c58b978add34675b2cbbf7307e5b6da3604a22159f32b3ba0d19d1c5"
"description","data_raw/description/mediation.DESCRIPTION","b189c0f74080878a676cb803c166466cb4ea9f3c53d4727691dd4dbd7f55b06b"
"description","data_raw/description/mlmRev.DESCRIPTION","7019df4becadde23f2ab592d1c684aca42322cba16085719512d9eff420a0c14"
"description","data_raw/description/plm.DESCRIPTION","34bc4888ca23ce8be200c375f2f947ae2f478ae37285d0aec0037f4603794f3d"
"description","data_raw/description/pscl.DESCRIPTION","043043b8d365661d7a7264452d4f8b6f082b1e393a589bc6012c6ae368c2867e"
"description","data_raw/description/psych.DESCRIPTION","9b9fb0241b8a6db2f866fa2175ae960d9d0d866880cf13e14d7f1dea0b7f574d"
"description","data_raw/description/sampleSelection.DESCRIPTION","009c8facf51956ae06ee98f6941cb9556ee74e764bcb447f69efea115688afe2"
"description","data_raw/description/sem.DESCRIPTION","45ccf4b8b74f99c32ca3f164da7be2f8c0bc31483daceadec59c940a3af1f3c3"
"description","data_raw/description/stevedata.DESCRIPTION","d1aeb2099209bcaabfb2615f6a2314782ab62eb66630241e858589bf580db4c1"
"description","data_raw/description/wooldridge.DESCRIPTION","55d4270bd8dda0fd8103d88f473a19a3b424baf53aa0f44ef59e53e6b9df4220"
"clean","data_clean/Ecdat__Mofa.csv","d4b640c8fa90ef9d9ead47352c13df33675def9450d44c756706ff5108b24a40"
"clean","data_clean/educationR__Bigten_tbl_df.csv","5629eb1a886c31e7028be8a57069a2b99da73baa5c5c10e7331deda319bd47e8"
"clean","data_clean/experimentr__wrenlewis.csv","14deab644b3248fe953a500406c205f4df36a80744a52838513ba6f1e2ee696d"
"clean","data_clean/wooldridge__corn.csv","1e06beecb0702c29e39bbdbb7f1fd36c2bed6d592473710203e66b93083e80c9"
"clean","data_clean/AER__BankWages.csv","d439e5fb6ac75557184576b0b6c02ba16f2940eb3f12ede00e869b72b3a73590"
"clean","data_clean/Ecdat__Gasoline.csv","fd7716f6d090c205bb0c46d3a3c5796aed63fe40cdc01df98e903102b38af7ad"
"clean","data_clean/mlmRev__Early.csv","d15f44b5b0984bbc8556ed82f9b2f1dee51e424bd1d7579928a63ded62d9f88b"
"clean","data_clean/wooldridge__audit.csv","4cacf98162acfa5482a99860cb159088bc3f0fe453cd69f333e2120349d39f81"
"clean","data_clean/Ecdat__Cigarette.csv","2bd630794133d410b2c47f8daea0608ab31e5c34ace75cda283317ec0a6b21d4"
"clean","data_clean/Ecdat__Produc.csv","f47c7a8200adb94a33bd4fedc8cb1bba5e3134e329b34b0d2333b0c6c0a76292"
"clean","data_clean/experimentr__easton.csv","e2b975d5cb812099c186a51223e6d1d2de945aff5ae27ae1d4b43a3c5e7bb9e9"
"clean","data_clean/mediation__school.csv","b6a7009b09c41cab10b07d44455b300e07d2fca249df151f41845c7779acb5a6"
"clean","data_clean/AER__CPSSW04.csv","737378972755819ed9077c8c8f20434a7c8cb18a18f4bb3ce52783cfccac245a"
"clean","data_clean/Ecdat__Wages1.csv","7e776d69e0fe7afc2bd3d603b741a24f87868e5adc2d29f10bd492ceb3f9b792"
"clean","data_clean/psych__lsat6.csv","128e5546a2dfdb45cddcce68bf1968c5030dfc228bc39e1a69bab443419c0d68"
"clean","data_clean/stevedata__wvs_immig.csv","1b02679e29f2964b0b678b2e79d045b3efc0553f57fe71bcd3a75d29b2710429"
"clean","data_clean/Ecdat__Electricity.csv","ab9305e92d76a46a3f6229b576488764d66c6cc6a8a05422744f4f646782e6c1"
"clean","data_clean/Ecdat__Nerlove.csv","1a6a9fb554b6b3ebca000572e4e0b1ae2506c6381c57fd00b60b40aa355a8d11"
"clean","data_clean/stevedata__Weede84.csv","f7366664a4062187e203027fbaff4adcbc5f038804d3ff8331bd1604907bc2dc"
"clean","data_clean/stevedata__election_turnout.csv","d94bc1098ec5265f71f069694200d4d2a69cf23f907b02cfd5f31fe38781365f"
"clean","data_clean/Ecdat__Mode.csv","a0930608ebbcc986f952cd22a087bf7661a2008d46c922b5da68b702a32ee846"
"clean","data_clean/camerondata__patentsrd.csv","90ddd6c9a2eb0c15e5fc9818f03d21887f3b31720852c68c817e819ce0b40c6d"
"clean","data_clean/pscl__AustralianElectionPolling.csv","c730f0657e742d2394a8ae6e75519aed849edc41934f1dbbbc1af9ad6bdf74b0"
"clean","data_clean/wooldridge__ncaa_rpi.csv","f1a1573786f9d0af143622b853d15501c7b1d9a7a355992d85d0e1e3aee3332c"
"clean","data_clean/AER__CPS1985.csv","d5d0129c0c3980e649f942bda88908df75dbebe75b3849372c6f8c643e21fba0"
"clean","data_clean/HLMdiag__autism.csv","f3032233f73425b68e4108a7be8cfd6fb9ecaaa208fa6350cc15675e68640993"
"clean","data_clean/MatchIt__lalonde.csv","132006d8d922667735bc866de72d69f40956dbf8de3e443069b6610640f5cd66"
"clean","data_clean/pscl__vote92.csv","5bde36d2cfdbd860a6e69687ce84e8fe9b328fcc7d197ac5ca138de2c340522a"
"clean","data_clean/AER__CPS1988.csv","b3bb2d8b04e815544d411f256eb26784c5371b3d8c1590b25203be23389ce30a"
"clean","data_clean/Ecdat__Fishing.csv","82a0062740aabb3961591e7dc0fba80abd80577959ce2c84c2f2d68cb55286ae"
"clean","data_clean/stevedata__Dee04.csv","b10bb70e4d080d0c2fcafaac0b7250123745d2e00b31d8c71378d76948cd97e1"
"clean","data_clean/stevedata__anes_vote84.csv","8ba9ba05aaa3212ba5bc5819de812e497154d8a7fa4d8b919d377238a8c4224a"
"clean","data_clean/Ecdat__University.csv","0b9b387ed6e0bd1592f4205952cf00f6d4400548aac628f65b31ba79f3d2fe3e"
"clean","data_clean/stevedata__GHR04.csv","b6f57bb152a3b86f88fa2812d9c266686fdc77e99d288eaf501a17b914a1079e"
"clean","data_clean/stevedata__SCP16.csv","037cb24b9d8f29a1df4848938c6b28cc5c558aa60990f3d75afd8bd6d7e8a22b"
"clean","data_clean/wooldridge__return.csv","3a8b78c1a4fbb7b6c1a33fdcffd7b95101978f61e8dfcb938d490859a268ad7b"
"clean","data_clean/Ecdat__Clothing.csv","7dc84bf0353af56db0d5cd3e22a293e50056daa8d4964fef3e941f1a9daf00c7"
"clean","data_clean/stevedata__states_war.csv","ae332f0bb250b5b638a90289276656c51061afbdc819313ce05ebfe1558e4d05"
"clean","data_clean/wooldridge__hprice3.csv","e92daadccf24accb59563c0725667ef30fb9fb959af484094432b6c9a54ba920"
"clean","data_clean/wooldridge__jtrain2.csv","bb746828b38d650ae5f236477a95ae63bf5db8aace102db0a386c8047e46b216"
"clean","data_clean/Ecdat__Griliches.csv","383401f802642c097fcd87f6b1debb62989188ac742a2c264866f34503f374bc"
"clean","data_clean/Ecdat__Mroz.csv","4123f2d59b627c2618f8a439d5aba6a53b4de208c4ea0022876668942d3b0000"
"clean","data_clean/wooldridge__apple.csv","7b8ad6a9d1be1a1d7e8cd2bd0d870d648dba8842d6c215d8e3c894ea16e5f046"
"clean","data_clean/wooldridge__pntsprd.csv","db932cb5febf475d68f27559c366ef4c514045736a0658b0f2cad53d6d1c4923"
"clean","data_clean/Ecdat__Catsup.csv","d77a74e3e3dee4ec51d021caa8617077298a787b73e468883d0d53f1a7e5505d"
"clean","data_clean/mlmRev__egsingle.csv","1d4289c82020d26078d89a071b57972a5ca6d40da59a2cd3e4456ae103bb11e8"
"clean","data_clean/wooldridge__countymurders.csv","04e11503744569e5f9c63189e48a4955275d4c1a1f04029274c9eb82d1b9df9d"
"clean","data_clean/wooldridge__gpa2.csv","d6dd83aa90f8dcc31ace3ae63355e2683531c461b61cd71d7f52253005c73abf"
"clean","data_clean/crimedatasets__Ndrangheta_list.csv","e8e82666652044ce682abdd87c7f6f3c6b44d020fa9d40ccae6957a3d8929610"
"clean","data_clean/wooldridge__crime2.csv","293802b727f3dda5cd58732aa905f830ab3b574c83bbd1607b398944d7d888ac"
"clean","data_clean/wooldridge__ezanders.csv","6139ce5b1e7098967d2a8126fe7793a064adc24ec7c5ccdf937e350dcec9d194"
"clean","data_clean/wooldridge__ezunem.csv","475f43d4923b8b62a0f47287d5d69ed8a6ab73acbee4c8215fac4046527a7864"
"clean","data_clean/AER__Fatalities.csv","edabd0c3f6e1558609edb07007b7d3da8dc3a5a4970ffe70e3e847c26bb5e9df"
"clean","data_clean/sem__HS.data.csv","1037de27c3a23d9729fc1a7b4e36b50366ebed12a4e4cada51f281a310dfd710"
"clean","data_clean/wooldridge__cement.csv","5a37ff20b29a7acb069d966da5876d256ae11f91be1a16b0fc236bd3456d0eef"
"clean","data_clean/wooldridge__mlb1.csv","0825ccd4ab5d9f882218374e41d1be620b076689a99c633ec808119386913119"
"clean","data_clean/AER__PSID1976.csv","70bd16d79e9d726c1aa206903439fb0d0fd5e4cfd62ba89f7c22f45cff40977f"
"clean","data_clean/Ecdat__Crime.csv","243a66eba36d1f73f450dbc39e136e02e6f56fbf1033b77ce0e82fcb9d9def02"
"clean","data_clean/wooldridge__crime4.csv","853fc1e80a9841fa9c31159e6c2b795d83e60b2bedf490adf49dd3aba2e25907"
"clean","data_clean/wooldridge__sleep75.csv","54ff0766d9c2c215780f75db864d1b2b0a0787df95939300540b51966dd498ec"
"clean","data_clean/AER__ResumeNames.csv","2b40add2b7715cd9898c6a50468905380c42ee0ab744daf43370414ddd8610e5"
"clean","data_clean/Ecdat__Kakadu.csv","1fcf1c2d77dffbbeac5e2c7fb9ce0b412120db1ce58b5a03f2c79336a9fbf904"
"clean","data_clean/Ecdat__Schooling.csv","bd0fd3a1bf3c12737dff1ceab83f8e3bf56f6677ea8947a42e438923dca83892"
"clean","data_clean/wooldridge__mathpnl.csv","eefcefdd0047786b4abd6307e1f2c5b2a13ec9024dd32b3c0833c32d0dcb7071"
"output","selected_datasets.csv","e4cc1bf7a9225d81c2be71f6d53152021351e08db201207b9c5f445b2191385a"
"output","exclusions.csv","c9ad250eed9f91c4fb81e0150b6030298744656aea8c5f8b08bf746edb6026e2"
"r","version","R version 4.5.1"
"r","platform","aarch64-apple-darwin20"
"r","locale","en_US.UTF-8"
"r","sessionInfo_sha256","5957ea300825da7b5725d9361456e784de1f924863c80aad41cb080901b86967"
