"package","item","title","csv_url","doc_url","license","tier","domain","row_unit","n_index","p_index","n_raw","n_realized","p_realized","n_delivered","p_delivered","max_abs_r","n_bin","p_bin","cell","census","row_subsampled","col_subsampled","columns","clean_file","clean_sha256"
"Ecdat","Mofa","International Expansion of U.S. MOFAs (majority-owned Foreign Affiliates in Fire (finance, Insurance and Real Estate)","https://vincentarelbundock.github.io/Rdatasets/csv/Ecdat/Mofa.csv","https://vincentarelbundock.github.io/Rdatasets/doc/Ecdat/Mofa.html","GPL (>= 2)","core","economics","cross-section",50,4,50,43,4,43,4,0.868444,"30-199","3-5","p3-5_n30-199",FALSE,FALSE,FALSE,"capexp|gdp|sales|nbaf","data_clean/Ecdat__Mofa.csv","d4b640c8fa90ef9d9ead47352c13df33675def9450d44c756706ff5108b24a40"
"educationR","Bigten_tbl_df","Grad Rates: Athletes vs. Non-Athletes Big Ten Conf.","https://vincentarelbundock.github.io/Rdatasets/csv/educationR/Bigten_tbl_df.csv","https://vincentarelbundock.github.io/Rdatasets/doc/educationR/Bigten_tbl_df.html","GPL-3","core","education","panel",44,3,44,44,3,44,3,0.197482,"30-199","3-5","p3-5_n30-199",FALSE,FALSE,FALSE,"year|rate|status","data_clean/educationR__Bigten_tbl_df.csv","5629eb1a886c31e7028be8a57069a2b99da73baa5c5c10e7331deda319bd47e8"
"experimentr","wrenlewis","Data from ""Formalizing land rights can reduce forest loss: Experimental evidence from Benin""","https://vincentarelbundock.github.io/Rdatasets/csv/experimentr/wrenlewis.csv","https://vincentarelbundock.github.io/Rdatasets/doc/experimentr/wrenlewis.html","MIT + file LICENSE","core","social_science","cross-section",102,3,102,102,3,102,3,0.799105,"30-199","3-5","p3-5_n30-199",FALSE,FALSE,FALSE,"treated|tcl_area_L_from2010to2017|tcl_area_L_from2001to2009","data_clean/experimentr__wrenlewis.csv","14deab644b3248fe953a500406c205f4df36a80744a52838513ba6f1e2ee696d"
"wooldridge","corn","corn","https://vincentarelbundock.github.io/Rdatasets/csv/wooldridge/corn.csv","https://vincentarelbundock.github.io/Rdatasets/doc/wooldridge/corn.html","GPL-3","core","economics","cross-section",37,5,37,37,5,37,5,0.831443,"30-199","3-5","p3-5_n30-199",FALSE,FALSE,FALSE,"county|cornhec|soyhec|cornpix|soypix","data_clean/wooldridge__corn.csv","1e06beecb0702c29e39bbdbb7f1fd36c2bed6d592473710203e66b93083e80c9"
"AER","BankWages","Bank Wages","https://vincentarelbundock.github.io/Rdatasets/csv/AER/BankWages.csv","https://vincentarelbundock.github.io/Rdatasets/doc/AER/BankWages.html","GPL-2 | GPL-3","core","economics","cross-section",474,3,474,474,3,474,3,0.355986,"200-499","3-5","p3-5_n200-499",FALSE,FALSE,FALSE,"education|gender|minority","data_clean/AER__BankWages.csv","d439e5fb6ac75557184576b0b6c02ba16f2940eb3f12ede00e869b72b3a73590"
"Ecdat","Gasoline","Gasoline Consumption","https://vincentarelbundock.github.io/Rdatasets/csv/Ecdat/Gasoline.csv","https://vincentarelbundock.github.io/Rdatasets/doc/Ecdat/Gasoline.html","GPL (>= 2)","core","economics","panel",342,5,342,342,5,342,5,0.693804,"200-499","3-5","p3-5_n200-499",FALSE,FALSE,FALSE,"year|lgaspcar|lincomep|lrpmg|lcarpcap","data_clean/Ecdat__Gasoline.csv","fd7716f6d090c205bb0c46d3a3c5796aed63fe40cdc01df98e903102b38af7ad"
"mlmRev","Early","Early childhood intervention study","https://vincentarelbundock.github.io/Rdatasets/csv/mlmRev/Early.csv","https://vincentarelbundock.github.io/Rdatasets/doc/mlmRev/Early.html","GPL (>= 2)","core","education","cross-section",309,3,309,309,3,309,3,0.472958,"200-499","3-5","p3-5_n200-499",FALSE,FALSE,FALSE,"cog|age|trt","data_clean/mlmRev__Early.csv","d15f44b5b0984bbc8556ed82f9b2f1dee51e424bd1d7579928a63ded62d9f88b"
"wooldridge","audit","audit","https://vincentarelbundock.github.io/Rdatasets/csv/wooldridge/audit.csv","https://vincentarelbundock.github.io/Rdatasets/doc/wooldridge/audit.html","GPL-3","core","economics","cross-section",241,3,241,241,3,241,3,0.622735,"200-499","3-5","p3-5_n200-499",FALSE,FALSE,FALSE,"w|b|y","data_clean/wooldridge__audit.csv","4cacf98162acfa5482a99860cb159088bc3f0fe453cd69f333e2120349d39f81"
"Ecdat","Cigarette","The Cigarette Consumption Panel Data Set","https://vincentarelbundock.github.io/Rdatasets/csv/Ecdat/Cigarette.csv","https://vincentarelbundock.github.io/Rdatasets/doc/Ecdat/Cigarette.html","GPL (>= 2)","core","economics","panel",528,8,528,528,5,528,5,0.846341,"500-999","3-5","p3-5_n500-999",FALSE,FALSE,FALSE,"year|pop|packpc|tax|avgprs","data_clean/Ecdat__Cigarette.csv","2bd630794133d410b2c47f8daea0608ab31e5c34ace75cda283317ec0a6b21d4"
"Ecdat","Produc","Us States Production","https://vincentarelbundock.github.io/Rdatasets/csv/Ecdat/Produc.csv","https://vincentarelbundock.github.io/Rdatasets/doc/Ecdat/Produc.html","GPL (>= 2)","core","economics","panel",816,9,816,816,4,816,4,0.864792,"500-999","3-5","p3-5_n500-999",FALSE,FALSE,FALSE,"year|pcap|pc|unemp","data_clean/Ecdat__Produc.csv","f47c7a8200adb94a33bd4fedc8cb1bba5e3134e329b34b0d2333b0c6c0a76292"
"experimentr","easton","Data from ""The Democracy of Dating: How Political Affiliations Shape Relationship Formation""","https://vincentarelbundock.github.io/Rdatasets/csv/experimentr/easton.csv","https://vincentarelbundock.github.io/Rdatasets/doc/experimentr/easton.html","MIT + file LICENSE","core","social_science","cross-section",725,5,725,725,5,725,5,0.119808,"500-999","3-5","p3-5_n500-999",FALSE,FALSE,FALSE,"attractiveness_score|age|male|republican|treatment_republican_profile","data_clean/experimentr__easton.csv","e2b975d5cb812099c186a51223e6d1d2de945aff5ae27ae1d4b43a3c5e7bb9e9"
"mediation","school","School-level data","https://vincentarelbundock.github.io/Rdatasets/csv/mediation/school.csv","https://vincentarelbundock.github.io/Rdatasets/doc/mediation/school.html","GPL (>= 2)","core","psychology","cross-section",568,5,568,568,4,568,4,0.503369,"500-999","3-5","p3-5_n500-999",FALSE,FALSE,FALSE,"coed|smorale|free|catholic","data_clean/mediation__school.csv","b6a7009b09c41cab10b07d44455b300e07d2fca249df151f41845c7779acb5a6"
"AER","CPSSW04","Stock and Watson CPS Data Sets","https://vincentarelbundock.github.io/Rdatasets/csv/AER/CPSSW04.csv","https://vincentarelbundock.github.io/Rdatasets/doc/AER/CPSSW04.html","GPL-2 | GPL-3","core","economics","cross-section",7986,4,7986,7986,4,1999,4,0.388507,"1000-1999","3-5","p3-5_n1000-1999",FALSE,TRUE,FALSE,"earnings|degree|gender|age","data_clean/AER__CPSSW04.csv","737378972755819ed9077c8c8f20434a7c8cb18a18f4bb3ce52783cfccac245a"
"Ecdat","Wages1","Wages, Experience and Schooling","https://vincentarelbundock.github.io/Rdatasets/csv/Ecdat/Wages1.csv","https://vincentarelbundock.github.io/Rdatasets/doc/Ecdat/Wages1.html","GPL (>= 2)","core","economics","cross-section",3294,4,3294,3294,4,1999,4,0.281262,"1000-1999","3-5","p3-5_n1000-1999",FALSE,TRUE,FALSE,"exper|sex|school|wage","data_clean/Ecdat__Wages1.csv","7e776d69e0fe7afc2bd3d603b741a24f87868e5adc2d29f10bd492ceb3f9b792"
"psych","lsat6 (bock)","Bock and Liberman (1970) data set of 1000 observations of the LSAT","https://vincentarelbundock.github.io/Rdatasets/csv/psych/lsat6.csv","https://vincentarelbundock.github.io/Rdatasets/doc/psych/lsat6.html","GPL (>= 2)","core","psychology","cross-section",1000,5,1000,1000,5,1000,5,0.114789,"1000-1999","3-5","p3-5_n1000-1999",FALSE,FALSE,FALSE,"Q1|Q2|Q3|Q4|Q5","data_clean/psych__lsat6.csv","128e5546a2dfdb45cddcce68bf1968c5030dfc228bc39e1a69bab443419c0d68"
"stevedata","wvs_immig","Attitudes about Immigration in the World Values Survey","https://vincentarelbundock.github.io/Rdatasets/csv/stevedata/wvs_immig.csv","https://vincentarelbundock.github.io/Rdatasets/doc/stevedata/wvs_immig.html","GPL-2","core","political_science","cross-section",310388,5,310388,185279,3,1999,3,0.043816,"1000-1999","3-5","p3-5_n1000-1999",FALSE,TRUE,FALSE,"s002|s003|e143","data_clean/stevedata__wvs_immig.csv","1b02679e29f2964b0b678b2e79d045b3efc0553f57fe71bcd3a75d29b2710429"
"Ecdat","Electricity","Cost Function for Electricity Producers","https://vincentarelbundock.github.io/Rdatasets/csv/Ecdat/Electricity.csv","https://vincentarelbundock.github.io/Rdatasets/doc/Ecdat/Electricity.html","GPL (>= 2)","core","economics","cross-section",158,8,158,158,7,158,7,0.715311,"30-199","6-10","p6-10_n30-199",FALSE,FALSE,FALSE,"cost|pl|sl|pk|sk|pf|sf","data_clean/Ecdat__Electricity.csv","ab9305e92d76a46a3f6229b576488764d66c6cc6a8a05422744f4f646782e6c1"
"Ecdat","Nerlove","Cost Function for Electricity Producers, 1955","https://vincentarelbundock.github.io/Rdatasets/csv/Ecdat/Nerlove.csv","https://vincentarelbundock.github.io/Rdatasets/doc/Ecdat/Nerlove.html","GPL (>= 2)","core","economics","cross-section",159,8,159,159,7,159,7,0.923705,"30-199","6-10","p6-10_n30-199",FALSE,FALSE,FALSE,"cost|pl|sl|pk|sk|pf|sf","data_clean/Ecdat__Nerlove.csv","1a6a9fb554b6b3ebca000572e4e0b1ae2506c6381c57fd00b60b40aa355a8d11"
"stevedata","Weede84","Military Conflict or War Involvement, 1960-1980 (Weede, 1984)","https://vincentarelbundock.github.io/Rdatasets/csv/stevedata/Weede84.csv","https://vincentarelbundock.github.io/Rdatasets/doc/stevedata/Weede84.html","GPL-2","core","political_science","cross-section",101,7,101,101,6,101,6,0.771031,"30-199","6-10","p6-10_n30-199",FALSE,FALSE,FALSE,"ccode|dem|butter|kende|ssiw|ssew","data_clean/stevedata__Weede84.csv","f7366664a4062187e203027fbaff4adcbc5f038804d3ff8331bd1604907bc2dc"
"stevedata","election_turnout","State-Level Education and Voter Turnout in 2016","https://vincentarelbundock.github.io/Rdatasets/csv/stevedata/election_turnout.csv","https://vincentarelbundock.github.io/Rdatasets/doc/stevedata/election_turnout.html","GPL-2","core","political_science","cross-section",51,13,51,51,10,51,10,0.804828,"30-199","6-10","p6-10_n30-199",FALSE,FALSE,FALSE,"turnoutho|perhsed|percoled|gdppercap|ss|trumpw|trumpshare|sunempr|sunempr12md|gdp","data_clean/stevedata__election_turnout.csv","d94bc1098ec5265f71f069694200d4d2a69cf23f907b02cfd5f31fe38781365f"
"Ecdat","Mode","Mode Choice","https://vincentarelbundock.github.io/Rdatasets/csv/Ecdat/Mode.csv","https://vincentarelbundock.github.io/Rdatasets/doc/Ecdat/Mode.html","GPL (>= 2)","core","economics","cross-section",453,8,453,453,7,453,7,0.621201,"200-499","6-10","p6-10_n200-499",FALSE,FALSE,FALSE,"cost.car|cost.carpool|cost.bus|cost.rail|time.car|time.bus|time.rail","data_clean/Ecdat__Mode.csv","a0930608ebbcc986f952cd22a087bf7661a2008d46c922b5da68b702a32ee846"
"camerondata","patentsrd","Patents and R&D","https://vincentarelbundock.github.io/Rdatasets/csv/camerondata/patentsrd.csv","https://vincentarelbundock.github.io/Rdatasets/doc/camerondata/patentsrd.html","CC BY 4.0","core","economics","cross-section",346,25,346,336,8,336,8,0.947742,"200-499","6-10","p6-10_n200-499",FALSE,FALSE,FALSE,"cusip|ardssic|scisect|logk|sumpat|logr70|logr76|pat70","data_clean/camerondata__patentsrd.csv","90ddd6c9a2eb0c15e5fc9818f03d21887f3b31720852c68c817e819ce0b40c6d"
"pscl","AustralianElectionPolling","Political opinion polls in Australia, 2004-07","https://vincentarelbundock.github.io/Rdatasets/csv/pscl/AustralianElectionPolling.csv","https://vincentarelbundock.github.io/Rdatasets/doc/pscl/AustralianElectionPolling.html","GPL-2","core","political_science","cross-section",239,9,239,239,8,239,8,0.841765,"200-499","6-10","p6-10_n200-499",FALSE,FALSE,FALSE,"ALP|Lib|Nat|Green|FamilyFirst|Dems|OneNation|sampleSize","data_clean/pscl__AustralianElectionPolling.csv","c730f0657e742d2394a8ae6e75519aed849edc41934f1dbbbc1af9ad6bdf74b0"
"wooldridge","ncaa_rpi","ncaa_rpi","https://vincentarelbundock.github.io/Rdatasets/csv/wooldridge/ncaa_rpi.csv","https://vincentarelbundock.github.io/Rdatasets/doc/wooldridge/ncaa_rpi.html","GPL-3","core","economics","panel",336,13,336,336,9,336,9,0.930447,"200-499","6-10","p6-10_n200-499",FALSE,FALSE,FALSE,"postrpi|prerpi|postrpi_2|recruitrank|wins|losses|tourney|coachexper|power5","data_clean/wooldridge__ncaa_rpi.csv","f1a1573786f9d0af143622b853d15501c7b1d9a7a355992d85d0e1e3aee3332c"
"AER","CPS1985","Determinants of Wages Data (CPS 1985)","https://vincentarelbundock.github.io/Rdatasets/csv/AER/CPS1985.csv","https://vincentarelbundock.github.io/Rdatasets/doc/AER/CPS1985.html","GPL-2 | GPL-3","core","economics","cross-section",534,8,534,534,7,534,7,0.381922,"500-999","6-10","p6-10_n500-999",FALSE,FALSE,FALSE,"wage|education|experience|region|gender|union|married","data_clean/AER__CPS1985.csv","d5d0129c0c3980e649f942bda88908df75dbebe75b3849372c6f8c643e21fba0"
"HLMdiag","autism","Autism data","https://vincentarelbundock.github.io/Rdatasets/csv/HLMdiag/autism.csv","https://vincentarelbundock.github.io/Rdatasets/doc/HLMdiag/autism.html","GPL-2","core","education","cross-section",604,6,604,604,6,604,6,0.583389,"500-999","6-10","p6-10_n500-999",FALSE,FALSE,FALSE,"childid|age2|vsae|gender|race|bestest2","data_clean/HLMdiag__autism.csv","f3032233f73425b68e4108a7be8cfd6fb9ecaaa208fa6350cc15675e68640993"
"MatchIt","lalonde","Data from National Supported Work Demonstration and PSID, as analyzed by Dehejia and Wahba (1999).","https://vincentarelbundock.github.io/Rdatasets/csv/MatchIt/lalonde.csv","https://vincentarelbundock.github.io/Rdatasets/doc/MatchIt/lalonde.html","GPL (>= 2)","core","social_science","cross-section",614,9,614,614,8,614,8,0.701452,"500-999","6-10","p6-10_n500-999",FALSE,FALSE,FALSE,"treat|age|educ|married|nodegree|re74|re75|re78","data_clean/MatchIt__lalonde.csv","132006d8d922667735bc866de72d69f40956dbf8de3e443069b6610640f5cd66"
"pscl","vote92","Reports of voting in the 1992 U.S. Presidential election.","https://vincentarelbundock.github.io/Rdatasets/csv/pscl/vote92.csv","https://vincentarelbundock.github.io/Rdatasets/doc/pscl/vote92.html","GPL-2","core","political_science","cross-section",909,9,909,909,8,909,8,0.873245,"500-999","6-10","p6-10_n500-999",FALSE,FALSE,FALSE,"dem|rep|female|persfinance|natlecon|clintondis|bushdis|perotdis","data_clean/pscl__vote92.csv","5bde36d2cfdbd860a6e69687ce84e8fe9b328fcc7d197ac5ca138de2c340522a"
"AER","CPS1988","Determinants of Wages Data (CPS 1988)","https://vincentarelbundock.github.io/Rdatasets/csv/AER/CPS1988.csv","https://vincentarelbundock.github.io/Rdatasets/doc/AER/CPS1988.html","GPL-2 | GPL-3","core","economics","cross-section",28155,6,28155,28155,6,1999,6,0.289591,"1000-1999","6-10","p6-10_n1000-1999",FALSE,TRUE,FALSE,"wage|education|experience|ethnicity|smsa|parttime","data_clean/AER__CPS1988.csv","b3bb2d8b04e815544d411f256eb26784c5371b3d8c1590b25203be23389ce30a"
"Ecdat","Fishing","Choice of Fishing Mode","https://vincentarelbundock.github.io/Rdatasets/csv/Ecdat/Fishing.csv","https://vincentarelbundock.github.io/Rdatasets/doc/Ecdat/Fishing.html","GPL (>= 2)","core","economics","cross-section",1182,11,1182,1182,9,1182,9,0.93639,"1000-1999","6-10","p6-10_n1000-1999",FALSE,FALSE,FALSE,"price|catch|pbeach|pboat|cbeach|cpier|cboat|ccharter|income","data_clean/Ecdat__Fishing.csv","82a0062740aabb3961591e7dc0fba80abd80577959ce2c84c2f2d68cb55286ae"
"stevedata","Dee04","Are There Civics Returns to Education?","https://vincentarelbundock.github.io/Rdatasets/csv/stevedata/Dee04.csv","https://vincentarelbundock.github.io/Rdatasets/doc/stevedata/Dee04.html","GPL-2","core","political_science","cross-section",9227,8,9227,9227,8,1999,8,0.244999,"1000-1999","6-10","p6-10_n1000-1999",FALSE,TRUE,FALSE,"schoolid|hispanic|college|black|otherrace|female|register|distance","data_clean/stevedata__Dee04.csv","b10bb70e4d080d0c2fcafaac0b7250123745d2e00b31d8c71378d76948cd97e1"
"stevedata","anes_vote84","Simple Data for a Simple Model of Individual Voter Turnout (ANES, 1984)","https://vincentarelbundock.github.io/Rdatasets/csv/stevedata/anes_vote84.csv","https://vincentarelbundock.github.io/Rdatasets/doc/stevedata/anes_vote84.html","GPL-2","core","political_science","cross-section",2257,9,2257,1435,7,1435,7,0.376474,"1000-1999","6-10","p6-10_n1000-1999",FALSE,FALSE,FALSE,"vote|age|educ|female|south|polint|govrace","data_clean/stevedata__anes_vote84.csv","8ba9ba05aaa3212ba5bc5819de812e497154d8a7fa4d8b919d377238a8c4224a"
"Ecdat","University","Provision of University Teaching and Research","https://vincentarelbundock.github.io/Rdatasets/csv/Ecdat/University.csv","https://vincentarelbundock.github.io/Rdatasets/doc/Ecdat/University.html","GPL (>= 2)","core","economics","cross-section",62,17,62,62,14,62,14,0.93728,"30-199","11-20","p11-20_n30-199",FALSE,FALSE,FALSE,"undstudents|poststudents|nassets|acnumbers|acrelnum|compop|techn|stfees|acrelpay|secrpay|admpay|furneq|landbuild|resgr","data_clean/Ecdat__University.csv","0b9b387ed6e0bd1592f4205952cf00f6d4400548aac628f65b31ba79f3d2fe3e"
"stevedata","GHR04","Comparative Public Health: The Political Economy of Human Misery and Well-Being","https://vincentarelbundock.github.io/Rdatasets/csv/stevedata/GHR04.csv","https://vincentarelbundock.github.io/Rdatasets/doc/stevedata/GHR04.html","GPL-2","core","political_science","cross-section",182,15,182,179,13,179,13,0.9275,"30-199","11-20","p11-20_n30-199",FALSE,FALSE,FALSE,"pubhlthexppgdp|totexphlth|hale|log_gdppc|gini|log_educ|log_vanhanen|rivalry|polity|prvhlthexpgdp|urban_growth|cwdeaths|contig_cw","data_clean/stevedata__GHR04.csv","b6f57bb152a3b86f88fa2812d9c266686fdc77e99d288eaf501a17b914a1079e"
"stevedata","SCP16","South Carolina County GOP/Democratic Primary Data, 2016","https://vincentarelbundock.github.io/Rdatasets/csv/stevedata/SCP16.csv","https://vincentarelbundock.github.io/Rdatasets/doc/stevedata/SCP16.html","GPL-2","core","political_science","cross-section",46,14,46,46,11,46,11,0.916497,"30-199","11-20","p11-20_n30-199",FALSE,FALSE,FALSE,"clinton|trump|cruz|rubio|percapinc|medhouseinc|illiteracy|perblack|population|perhsgrad|unemployment","data_clean/stevedata__SCP16.csv","037cb24b9d8f29a1df4848938c6b28cc5c558aa60990f3d75afd8bd6d7e8a22b"
"wooldridge","return","return","https://vincentarelbundock.github.io/Rdatasets/csv/wooldridge/return.csv","https://vincentarelbundock.github.io/Rdatasets/doc/wooldridge/return.html","GPL-3","core","economics","cross-section",142,12,142,142,12,142,12,0.903435,"30-199","11-20","p11-20_n30-199",FALSE,FALSE,FALSE,"roe|rok|dkr|eps|netinc|sp90|sp94|salary|return|lsalary|lsp90|lnetinc","data_clean/wooldridge__return.csv","3a8b78c1a4fbb7b6c1a33fdcffd7b95101978f61e8dfcb938d490859a268ad7b"
"Ecdat","Clothing","Sales Data of Men's Fashion Stores","https://vincentarelbundock.github.io/Rdatasets/csv/Ecdat/Clothing.csv","https://vincentarelbundock.github.io/Rdatasets/doc/Ecdat/Clothing.html","GPL (>= 2)","core","economics","cross-section",400,13,400,400,13,400,13,0.807764,"200-499","11-20","p11-20_n200-499",FALSE,FALSE,FALSE,"tsales|sales|margin|nown|nfull|npart|naux|hoursw|hourspw|inv1|inv2|ssize|start","data_clean/Ecdat__Clothing.csv","7dc84bf0353af56db0d5cd3e22a293e50056daa8d4964fef3e941f1a9daf00c7"
"stevedata","states_war","State Performance in Inter-State Wars","https://vincentarelbundock.github.io/Rdatasets/csv/stevedata/states_war.csv","https://vincentarelbundock.github.io/Rdatasets/doc/stevedata/states_war.html","GPL-2","core","political_science","cross-section",284,23,284,229,18,229,18,0.947071,"200-499","11-20","p11-20_n200-499",FALSE,FALSE,FALSE,"micnum|ccode|mindur|sidea|orig|hiact|fatalmin|oppfatalmin|milex|milper|cinc|tpop|v2x_polyarchy|polity2|xm_qudsest|wbgdp2011est|wbpopest|wbgdppc2011est","data_clean/stevedata__states_war.csv","ae332f0bb250b5b638a90289276656c51061afbdc819313ce05ebfe1558e4d05"
"wooldridge","hprice3","hprice3","https://vincentarelbundock.github.io/Rdatasets/csv/wooldridge/hprice3.csv","https://vincentarelbundock.github.io/Rdatasets/doc/wooldridge/hprice3.html","GPL-3","core","economics","cross-section",321,19,321,321,13,321,13,0.915937,"200-499","11-20","p11-20_n200-499",FALSE,FALSE,FALSE,"year|age|agesq|nbh|cbd|linst|price|rooms|area|land|baths|ldist|lland","data_clean/wooldridge__hprice3.csv","e92daadccf24accb59563c0725667ef30fb9fb959af484094432b6c9a54ba920"
"wooldridge","jtrain2","jtrain2","https://vincentarelbundock.github.io/Rdatasets/csv/wooldridge/jtrain2.csv","https://vincentarelbundock.github.io/Rdatasets/doc/wooldridge/jtrain2.html","GPL-3","core","economics","cross-section",445,19,445,445,18,445,18,0.944878,"200-499","11-20","p11-20_n200-499",FALSE,FALSE,FALSE,"train|age|educ|black|hisp|married|nodegree|mosinex|re74|re75|re78|unem74|unem75|unem78|lre74|lre75|lre78|mostrn","data_clean/wooldridge__jtrain2.csv","bb746828b38d650ae5f236477a95ae63bf5db8aace102db0a386c8047e46b216"
"Ecdat","Griliches","Wage Data","https://vincentarelbundock.github.io/Rdatasets/csv/Ecdat/Griliches.csv","https://vincentarelbundock.github.io/Rdatasets/doc/Ecdat/Griliches.html","GPL (>= 2)","core","economics","panel",758,20,758,758,19,758,19,0.818709,"500-999","11-20","p11-20_n500-999",FALSE,FALSE,FALSE,"rns|rns80|mrt|mrt80|smsa|smsa80|med|iq|kww|year|age|age80|school|expr|expr80|tenure|tenure80|lw|lw80","data_clean/Ecdat__Griliches.csv","383401f802642c097fcd87f6b1debb62989188ac742a2c264866f34503f374bc"
"Ecdat","Mroz","Labor Supply Data","https://vincentarelbundock.github.io/Rdatasets/csv/Ecdat/Mroz.csv","https://vincentarelbundock.github.io/Rdatasets/doc/Ecdat/Mroz.html","GPL (>= 2)","core","economics","cross-section",753,18,753,753,18,753,18,0.888138,"500-999","11-20","p11-20_n500-999",FALSE,FALSE,FALSE,"work|hoursw|child6|child618|agew|educw|hearnw|wagew|hoursh|ageh|educh|wageh|income|educwm|educwf|unemprate|city|experience","data_clean/Ecdat__Mroz.csv","4123f2d59b627c2618f8a439d5aba6a53b4de208c4ea0022876668942d3b0000"
"wooldridge","apple","apple","https://vincentarelbundock.github.io/Rdatasets/csv/wooldridge/apple.csv","https://vincentarelbundock.github.io/Rdatasets/doc/wooldridge/apple.html","GPL-3","core","economics","panel",660,17,660,660,15,660,15,0.830759,"500-999","11-20","p11-20_n500-999",FALSE,FALSE,FALSE,"educ|date|regprc|ecoprc|inseason|hhsize|male|faminc|age|reglbs|ecolbs|numlt5|num5_17|num18_64|numgt64","data_clean/wooldridge__apple.csv","7b8ad6a9d1be1a1d7e8cd2bd0d870d648dba8842d6c215d8e3c894ea16e5f046"
"wooldridge","pntsprd","pntsprd","https://vincentarelbundock.github.io/Rdatasets/csv/wooldridge/pntsprd.csv","https://vincentarelbundock.github.io/Rdatasets/doc/wooldridge/pntsprd.html","GPL-3","core","economics","cross-section",553,12,553,553,12,553,12,0.726848,"500-999","11-20","p11-20_n500-999",FALSE,FALSE,FALSE,"favscr|undscr|spread|favhome|neutral|fav25|und25|fregion|uregion|scrdiff|sprdcvr|favwin","data_clean/wooldridge__pntsprd.csv","db932cb5febf475d68f27559c366ef4c514045736a0658b0f2cad53d6d1c4923"
"Ecdat","Catsup","Choice of Brand for Catsup","https://vincentarelbundock.github.io/Rdatasets/csv/Ecdat/Catsup.csv","https://vincentarelbundock.github.io/Rdatasets/doc/Ecdat/Catsup.html","GPL (>= 2)","core","economics","cross-section",2798,14,2798,2798,12,1999,12,0.263631,"1000-1999","11-20","p11-20_n1000-1999",FALSE,TRUE,FALSE,"disp.heinz41|disp.heinz32|disp.heinz28|disp.hunts32|feat.heinz41|feat.heinz32|feat.heinz28|feat.hunts32|price.heinz41|price.heinz32|price.heinz28|price.hunts32","data_clean/Ecdat__Catsup.csv","d77a74e3e3dee4ec51d021caa8617077298a787b73e468883d0d53f1a7e5505d"
"mlmRev","egsingle","US Sustaining Effects study","https://vincentarelbundock.github.io/Rdatasets/csv/mlmRev/egsingle.csv","https://vincentarelbundock.github.io/Rdatasets/doc/mlmRev/egsingle.html","GPL (>= 2)","core","education","cross-section",7230,10,7230,7230,11,1999,11,0.714473,"1000-1999","11-20","p11-20_n1000-1999",FALSE,TRUE,FALSE,"schoolid|childid|year|math|retained|female|black|hispanic|size|lowinc|mobility","data_clean/mlmRev__egsingle.csv","1d4289c82020d26078d89a071b57972a5ca6d40da59a2cd3e4456ae103bb11e8"
"wooldridge","countymurders","countymurders","https://vincentarelbundock.github.io/Rdatasets/csv/wooldridge/countymurders.csv","https://vincentarelbundock.github.io/Rdatasets/doc/wooldridge/countymurders.html","GPL-3","core","economics","cross-section",37349,20,37349,36842,19,1999,19,0.799352,"1000-1999","11-20","p11-20_n1000-1999",FALSE,TRUE,FALSE,"arrests|countyid|density|popul|perc1019|perc2029|percblack|percmale|rpcincmaint|rpcpersinc|rpcunemins|year|murders|murdrate|arrestrate|countyfips|execs|lpopul|execrate","data_clean/wooldridge__countymurders.csv","04e11503744569e5f9c63189e48a4955275d4c1a1f04029274c9eb82d1b9df9d"
"wooldridge","gpa2","gpa2","https://vincentarelbundock.github.io/Rdatasets/csv/wooldridge/gpa2.csv","https://vincentarelbundock.github.io/Rdatasets/doc/wooldridge/gpa2.html","GPL-3","core","economics","cross-section",4137,12,4137,4137,11,1999,11,0.872162,"1000-1999","11-20","p11-20_n1000-1999",FALSE,TRUE,FALSE,"sat|tothrs|colgpa|athlete|verbmath|hsize|hsrank|hsperc|female|white|black","data_clean/wooldridge__gpa2.csv","d6dd83aa90f8dcc31ace3ae63355e2683531c461b61cd71d7f52253005c73abf"
"crimedatasets","Ndrangheta_list","Ndrangheta Mafia Covert Network Dataset","https://vincentarelbundock.github.io/Rdatasets/csv/crimedatasets/Ndrangheta_list.csv","https://vincentarelbundock.github.io/Rdatasets/doc/crimedatasets/Ndrangheta_list.html","GPL-3","core","criminology","cross-section",146,149,146,146,143,146,30,0.936632,"30-199","21-30","p21-30_n30-199",FALSE,FALSE,TRUE,"X.3|X.5|X.6|X.19|X.21|X.23|X.28|X.40|X.54|X.56|X.61|X.65|X.69|X.79|X.85|X.88|X.90|X.93|X.94|X.105|X.106|X.120|X.123|X.125|X.128|X.129|X.131|X.135|X.136|X.139","data_clean/crimedatasets__Ndrangheta_list.csv","e8e82666652044ce682abdd87c7f6f3c6b44d020fa9d40ccae6957a3d8929610"
"wooldridge","crime2","crime2","https://vincentarelbundock.github.io/Rdatasets/csv/wooldridge/crime2.csv","https://vincentarelbundock.github.io/Rdatasets/doc/wooldridge/crime2.html","GPL-3","core","economics","cross-section",92,34,92,46,26,46,26,0.93658,"30-199","21-30","p21-30_n30-199",FALSE,FALSE,FALSE,"pop|crimes|unem|officers|pcinc|west|nrtheast|south|area|popden|crmrte|offarea|lawexpc|polpc|lpop|loffic|lpopden|lcrimes|larea|clcrimes|clpop|clcrmrte|clpolpc|cllawexp|cunem|lcrmrt_1","data_clean/wooldridge__crime2.csv","293802b727f3dda5cd58732aa905f830ab3b574c83bbd1607b398944d7d888ac"
"wooldridge","ezanders","ezanders","https://vincentarelbundock.github.io/Rdatasets/csv/wooldridge/ezanders.csv","https://vincentarelbundock.github.io/Rdatasets/doc/wooldridge/ezanders.html","GPL-3","core","economics","cross-section",108,25,108,107,23,107,23,0.86605,"30-199","21-30","p21-30_n30-199",FALSE,FALSE,FALSE,"uclms|ez|year|y81|y82|y83|y84|y85|y86|y87|y88|jan|feb|mar|apr|may|jun|jul|aug|sep|oct|nov|dec","data_clean/wooldridge__ezanders.csv","6139ce5b1e7098967d2a8126fe7793a064adc24ec7c5ccdf937e350dcec9d194"
"wooldridge","ezunem","ezunem","https://vincentarelbundock.github.io/Rdatasets/csv/wooldridge/ezunem.csv","https://vincentarelbundock.github.io/Rdatasets/doc/wooldridge/ezunem.html","GPL-3","core","economics","panel",198,37,198,176,37,176,30,0.859193,"30-199","21-30","p21-30_n30-199",FALSE,FALSE,TRUE,"year|uclms|ez|d81|d82|d83|d84|d87|d88|c1|c2|c3|c4|c5|c6|c8|c9|c10|c11|c12|c13|c14|c16|c18|c19|c20|c22|luclms|cez|city","data_clean/wooldridge__ezunem.csv","475f43d4923b8b62a0f47287d5d69ed8a6ab73acbee4c8215fac4046527a7864"
"AER","Fatalities","US Traffic Fatalities","https://vincentarelbundock.github.io/Rdatasets/csv/AER/Fatalities.csv","https://vincentarelbundock.github.io/Rdatasets/doc/AER/Fatalities.html","GPL-2 | GPL-3","core","economics","panel",336,32,336,335,21,335,21,0.945098,"200-499","21-30","p21-30_n200-499",FALSE,FALSE,FALSE,"year|spirits|unemp|income|emppop|beertax|baptist|mormon|drinkage|dry|youngdrivers|miles|breath|jail|service|fatal|nfatal1517|nfatal1820|afatal|pop|gsp","data_clean/AER__Fatalities.csv","edabd0c3f6e1558609edb07007b7d3da8dc3a5a4970ffe70e3e847c26bb5e9df"
"sem","HS.data","Holizinger and Swineford's Data","https://vincentarelbundock.github.io/Rdatasets/csv/sem/HS.data.csv","https://vincentarelbundock.github.io/Rdatasets/doc/sem/HS.data.html","GPL (>= 2)","core","psychology","cross-section",301,32,301,301,28,301,28,0.744792,"200-499","21-30","p21-30_n200-499",FALSE,FALSE,FALSE,"Gender|grade|agey|agem|school|visual|cubes|paper|flags|general|paragrap|sentence|wordc|wordm|addition|counting|straight|wordr|numberr|figurer|object|numberf|figurew|deduct|numeric|problemr|series|arithmet","data_clean/sem__HS.data.csv","1037de27c3a23d9729fc1a7b4e36b50366ebed12a4e4cada51f281a310dfd710"
"wooldridge","cement","cement","https://vincentarelbundock.github.io/Rdatasets/csv/wooldridge/cement.csv","https://vincentarelbundock.github.io/Rdatasets/doc/wooldridge/cement.html","GPL-3","core","economics","cross-section",312,30,312,295,28,295,28,0.751724,"200-499","21-30","p21-30_n200-499",FALSE,FALSE,FALSE,"year|month|ipcem|prcpet|rresc|rnonc|rdefs|milemp|gprc|gcem|gprcpet|gres|gnon|gip|gdefs|gmilemp|jan|feb|mar|apr|may|jun|jul|aug|sep|oct|nov|dec","data_clean/wooldridge__cement.csv","5a37ff20b29a7acb069d966da5876d256ae11f91be1a16b0fc236bd3456d0eef"
"wooldridge","mlb1","mlb1","https://vincentarelbundock.github.io/Rdatasets/csv/wooldridge/mlb1.csv","https://vincentarelbundock.github.io/Rdatasets/doc/wooldridge/mlb1.html","GPL-3","core","economics","cross-section",353,47,353,330,44,330,30,0.937554,"200-499","21-30","p21-30_n200-499",FALSE,FALSE,TRUE,"salary|teamsal|nl|games|runs|doubles|hruns|rbis|bavg|so|fldperc|frstbase|scndbase|shrtstop|thrdbase|outfield|black|whitepop|blackpop|pcinc|gamesyr|rbisyr|runsyr|percwhte|percblck|perchisp|hispph|whtepw|blckph|hisppb","data_clean/wooldridge__mlb1.csv","0825ccd4ab5d9f882218374e41d1be620b076689a99c633ec808119386913119"
"AER","PSID1976","Labor Force Participation Data","https://vincentarelbundock.github.io/Rdatasets/csv/AER/PSID1976.csv","https://vincentarelbundock.github.io/Rdatasets/doc/AER/PSID1976.html","GPL-2 | GPL-3","core","economics","cross-section",753,21,753,753,21,753,21,0.888138,"500-999","21-30","p21-30_n500-999",FALSE,FALSE,FALSE,"participation|hours|youngkids|oldkids|age|education|wage|repwage|hhours|hage|heducation|hwage|fincome|tax|meducation|feducation|unemp|city|experience|college|hcollege","data_clean/AER__PSID1976.csv","70bd16d79e9d726c1aa206903439fb0d0fd5e4cfd62ba89f7c22f45cff40977f"
"Ecdat","Crime","Crime in North Carolina","https://vincentarelbundock.github.io/Rdatasets/csv/Ecdat/Crime.csv","https://vincentarelbundock.github.io/Rdatasets/doc/Ecdat/Crime.html","GPL (>= 2)","core","economics","panel",630,23,630,630,23,630,23,0.817301,"500-999","21-30","p21-30_n500-999",FALSE,FALSE,FALSE,"county|year|crmrte|prbarr|prbconv|prbpris|avgsen|polpc|density|taxpc|smsa|pctmin|wcon|wtuc|wtrd|wfir|wser|wmfg|wfed|wsta|wloc|mix|pctymle","data_clean/Ecdat__Crime.csv","243a66eba36d1f73f450dbc39e136e02e6f56fbf1033b77ce0e82fcb9d9def02"
"wooldridge","crime4","crime4","https://vincentarelbundock.github.io/Rdatasets/csv/wooldridge/crime4.csv","https://vincentarelbundock.github.io/Rdatasets/doc/wooldridge/crime4.html","GPL-3","core","economics","panel",630,59,630,540,51,540,30,0.89141,"500-999","21-30","p21-30_n500-999",FALSE,FALSE,TRUE,"year|crmrte|prbarr|prbconv|prbpris|avgsen|density|west|central|pctmin80|wcon|wtuc|wtrd|wfir|wmfg|wsta|wloc|mix|d82|d84|d86|lprbarr|lprbconv|lpolpc|ldensity|lwcon|lwtuc|lwfir|clprbcon|clprbpri","data_clean/wooldridge__crime4.csv","853fc1e80a9841fa9c31159e6c2b795d83e60b2bedf490adf49dd3aba2e25907"
"wooldridge","sleep75","sleep75","https://vincentarelbundock.github.io/Rdatasets/csv/wooldridge/sleep75.csv","https://vincentarelbundock.github.io/Rdatasets/doc/wooldridge/sleep75.html","GPL-3","core","economics","cross-section",706,34,706,532,26,532,26,0.889515,"500-999","21-30","p21-30_n500-999",FALSE,FALSE,FALSE,"age|black|clerical|construc|educ|earns74|gdhlth|leis1|smsa|lhrwage|lothinc|male|marr|prot|rlxall|selfe|sleep|south|spsepay|spwrk75|totwrk|union|workscnd|yngkid|yrsmarr|hrwage","data_clean/wooldridge__sleep75.csv","54ff0766d9c2c215780f75db864d1b2b0a0787df95939300540b51966dd498ec"
"AER","ResumeNames","Are Emily and Greg More Employable Than Lakisha and Jamal?","https://vincentarelbundock.github.io/Rdatasets/csv/AER/ResumeNames.csv","https://vincentarelbundock.github.io/Rdatasets/doc/AER/ResumeNames.html","GPL-2 | GPL-3","core","economics","cross-section",4870,23,4870,4870,23,1999,23,0.89213,"1000-1999","21-30","p21-30_n1000-1999",FALSE,TRUE,FALSE,"gender|ethnicity|quality|call|city|jobs|experience|honors|volunteer|military|holes|school|email|computer|special|college|equal|requirements|reqexp|reqcomm|reqeduc|reqcomp|reqorg","data_clean/AER__ResumeNames.csv","2b40add2b7715cd9898c6a50468905380c42ee0ab744daf43370414ddd8610e5"
"Ecdat","Kakadu","Willingness to Pay for the Preservation of the Kakadu National Park","https://vincentarelbundock.github.io/Rdatasets/csv/Ecdat/Kakadu.csv","https://vincentarelbundock.github.io/Rdatasets/doc/Ecdat/Kakadu.html","GPL (>= 2)","core","economics","cross-section",1827,21,1827,1827,21,1827,21,0.548506,"1000-1999","21-30","p21-30_n1000-1999",FALSE,FALSE,FALSE,"lower|upper|recparks|jobs|lowrisk|wildlife|future|aboriginal|finben|mineparks|moreparks|gov|envcon|vparks|tvenv|conservation|sex|age|schooling|income|major","data_clean/Ecdat__Kakadu.csv","1fcf1c2d77dffbbeac5e2c7fb9ce0b412120db1ce58b5a03f2c79336a9fbf904"
"Ecdat","Schooling","Wages and Schooling","https://vincentarelbundock.github.io/Rdatasets/csv/Ecdat/Schooling.csv","https://vincentarelbundock.github.io/Rdatasets/doc/Ecdat/Schooling.html","GPL (>= 2)","core","economics","cross-section",3010,27,3010,2034,26,1999,26,0.947936,"1000-1999","21-30","p21-30_n1000-1999",FALSE,TRUE,FALSE,"smsa66|smsa76|nearc2|nearc4|nearc4a|nearc4b|ed76|ed66|age76|daded|nodaded|momed|momdad14|sinmom14|step14|south66|south76|lwage76|famed|black|wage76|enroll76|kww|iqscore|libcrd14|exp76","data_clean/Ecdat__Schooling.csv","bd0fd3a1bf3c12737dff1ceab83f8e3bf56f6677ea8947a42e438923dca83892"
"wooldridge","mathpnl","mathpnl","https://vincentarelbundock.github.io/Rdatasets/csv/wooldridge/mathpnl.csv","https://vincentarelbundock.github.io/Rdatasets/doc/wooldridge/mathpnl.html","GPL-3","core","economics","cross-section",3850,52,3850,2077,30,1999,30,0.947737,"1000-1999","21-30","p21-30_n1000-1999",FALSE,TRUE,FALSE,"distid|intid|lunch|enrol|ptr|found|expp|revpp|avgsal|drop|grad|math4|math7|year|y95|y96|y97|y98|lexpp_1|lenrol|lunchsq|math4_1|cmath4|gexpp|gexpp_1|clunch|clnchsq|genrol|expp92|math4_92","data_clean/wooldridge__mathpnl.csv","eefcefdd0047786b4abd6307e1f2c5b2a13ec9024dd32b3c0833c32d0dcb7071"
