"package","tier","domain","note","include"
"psych","core","psychology","Personality/ability items; the canonical psychometrics data package","include"
"sem","core","psychology","Structural equation modelling examples; classic latent-variable data","include"
"mediation","core","psychology","Mediation analysis examples; social/political psychology","include"
"itsadug","core","psychology","Excluded because only reports time-series data; GAM time-series examples from psycholinguistic experiments","exclude"
"mlmRev","core","education","Multilevel-model benchmark data; schools and students","include"
"HLMdiag","core","education","Hierarchical linear model diagnostics; education/social nesting","include"
"educationR","core","education","Education research data collection","include"
"collegeScorecard","core","education","US college outcomes","include"
"crimedatasets","core","criminology","Criminology data collection","include"
"stevedata","core","political_science","Political science teaching collection (Steve Miller)","include"
"pscl","core","political_science","Political Science Computational Laboratory data","include"
"experimentr","core","social_science","Experimental social science examples","include"
"causaldata","core","social_science","Causal inference textbook data; mostly econ/social","include"
"MatchIt","core","social_science","lalonde job-training evaluation; classic program evaluation","include"
"gapminder","core","demography","Country-level life expectancy/GDP/population","include"
"Ecdat","core","economics","Econometrics data collection","include"
"wooldridge","core","economics","Wooldridge econometrics textbook data","include"
"AER","core","economics","Applied Econometrics with R","include"
"plm","core","economics","Panel-data econometrics examples","include"
"camerondata","core","economics","Cameron & Trivedi microeconometrics data","include"
"sampleSelection","core","economics","Heckman selection examples (Mroz labour supply)","include"
"openintro","mixed","teaching_general","OpenIntro textbook grab-bag; social science mixed with health/science","exclude"
"Stat2Data","mixed","teaching_general","Stat2 textbook grab-bag","exclude"
"DAAG","mixed","teaching_general","Data Analysis and Graphics grab-bag","exclude"
"datasets","mixed","teaching_general","Base R grab-bag","exclude"
"MASS","mixed","teaching_general","MASS grab-bag; anorexia/housing/survey alongside biology","exclude"
"carData","mixed","teaching_general","Companion to Applied Regression; social science heavy but mixed","exclude"
"mosaicData","mixed","teaching_general","Mosaic teaching collection","exclude"
"fivethirtyeight","mixed","journalism","Data journalism; politics and sports and culture","exclude"
"usdatasets","mixed","teaching_general","US data spanning crime health and economics","exclude"
"HistData","mixed","history_of_statistics","Galton Guerry Nightingale; includes moral statistics","exclude"
"vcdExtra","mixed","categorical_data","Categorical data analysis; many social surveys","exclude"
"vcd","mixed","categorical_data","Categorical data analysis; social surveys mixed with biology","exclude"
"heplots","mixed","multivariate","Multivariate examples; some psych and education","exclude"
"nlme","mixed","mixed_models","Mixed-model examples; growth and education alongside biology","exclude"
"lme4","mixed","mixed_models","Mixed-model examples; sleepstudy is cognitive","exclude"
"geepack","mixed","longitudinal","GEE examples; biomedical and longitudinal","exclude"
"multgee","mixed","longitudinal","Multinomial GEE examples","exclude"
"ordinal","mixed","categorical_data","Ordinal regression; sensory ratings","exclude"
"HSAUR","mixed","teaching_general","Handbook of Statistical Analyses; includes psych examples","exclude"
"boot","mixed","teaching_general","Bootstrap examples grab-bag","exclude"
"robustbase","mixed","teaching_general","Robust statistics examples grab-bag","exclude"
"modeldata","mixed","machine_learning","tidymodels example data","exclude"
"dslabs","mixed","teaching_general","Data science teaching collection","exclude"
"ISLR","mixed","teaching_general","Statistical Learning textbook data","exclude"
"bayesrules","mixed","teaching_general","Bayes Rules! textbook data","exclude"
"ipsRdbs","mixed","teaching_general","Intro probability and statistics teaching data","exclude"
"lattice","mixed","teaching_general","Lattice graphics example data","exclude"
"ggplot2","mixed","teaching_general","ggplot2 example data","exclude"
"tidyr","mixed","teaching_general","tidyverse example data","exclude"
"cluster","mixed","teaching_general","Clustering example data","exclude"
"quantreg","mixed","economics","Quantile regression; Engel income data and others","exclude"
"betareg","mixed","teaching_general","Beta regression; includes reading-skills data","exclude"
"COUNT","mixed","teaching_general","Count regression examples; some social","exclude"
"sandwich","mixed","economics","Robust standard error examples; econ","exclude"
"np","mixed","economics","Nonparametric econometrics examples","exclude"
"generalCorr","mixed","economics","Generalised correlation; econ and development","exclude"
"fpp2","mixed","forecasting","Forecasting textbook; economic time series","exclude"
"fpp3","mixed","forecasting","Forecasting textbook; economic time series","exclude"
"forecast","mixed","forecasting","Forecasting example data","exclude"
"tsibbledata","mixed","forecasting","Tidy time series; economic and infrastructure","exclude"
"tsibble","mixed","forecasting","Tidy time series demo data","exclude"
"timeSeriesDataSets","mixed","forecasting","Time series collection; economic and environmental","exclude"
"insuranceData","mixed","actuarial","Insurance claims; economic behaviour","exclude"
"mi","mixed","social_science","Multiple imputation demo; CHAIN study is social/health","exclude"
"rpart","mixed","teaching_general","CART example data","exclude"
"gt","mixed","teaching_general","Table package example data","exclude"
"NeuroDataSets","mixed","neuroscience","Neuroscience collection; may include cognitive/behavioural","exclude"
"agridat","exclude","agriculture","Agricultural field trials","exclude"
"survival","exclude","biomedical","Survival analysis; clinical","exclude"
"KMsurv","exclude","biomedical","Klein & Moeschberger survival data","exclude"
"asaur","exclude","biomedical","Applied survival analysis","exclude"
"mstate","exclude","biomedical","Multi-state survival models","exclude"
"medicaldata","exclude","medical","Medical teaching data","exclude"
"MedDataSets","exclude","medical","Medical data collection","exclude"
"OncoDataSets","exclude","medical","Oncology data collection","exclude"
"CardioDataSets","exclude","medical","Cardiology data collection","exclude"
"MLDataR","exclude","medical","Healthcare machine learning data","exclude"
"pharmaversesdtm","exclude","clinical_trials","CDISC SDTM clinical trial data","exclude"
"pharmaverseadam","exclude","clinical_trials","CDISC ADaM clinical trial data","exclude"
"admiral","exclude","clinical_trials","Clinical trial ADaM examples","exclude"
"drc","exclude","biology","Dose-response curves","exclude"
"aod","exclude","biology","Overdispersed biological count data","exclude"
"gap","exclude","genetics","Genetic association data","exclude"
"hwde","exclude","genetics","Hardy-Weinberg equilibrium data","exclude"
"fishdata","exclude","biology","Fish population data","exclude"
"ratdat","exclude","biology","Portal rodent ecology","exclude"
"palmerpenguins","exclude","biology","Penguin morphometrics","exclude"
"archdata","exclude","archaeology","Archaeological data","exclude"
"folio","exclude","archaeology","Archaeological and heritage data","exclude"
"evir","exclude","finance_extremes","Extreme value theory; finance and insurance tails","exclude"
"texmex","exclude","environmental","Extreme value theory; environmental","exclude"
"crch","exclude","environmental","Precipitation forecasting","exclude"
"Lahman","exclude","sports","Baseball statistics","exclude"
"bakeoff","exclude","media","Great British Bake Off","exclude"
"dragracer","exclude","media","RuPaul's Drag Race","exclude"
"alone","exclude","media","Alone TV series","exclude"
"ggplot2movies","exclude","media","IMDB movie ratings","exclude"
"nycflights13","exclude","transport","Flight logistics","exclude"
"dplyr","exclude","teaching_general","starwars/storms demo data","exclude"
"plyr","exclude","teaching_general","baseball/ozone demo data","exclude"
"reshape2","exclude","teaching_general","tips/french_fries demo data","exclude"
"quartets","exclude","teaching_general","Anscombe-style pedagogical quartets","exclude"
"validate","exclude","teaching_general","Data validation demo data","exclude"
